-- phpMyAdmin SQL Dump
-- version 5.2.1
-- https://www.phpmyadmin.net/
--
-- Hôte : 127.0.0.1:3306
-- Généré le : mar. 18 mars 2025 à 16:53
-- Version du serveur : 8.2.0
-- Version de PHP : 8.2.13

SET SQL_MODE = "NO_AUTO_VALUE_ON_ZERO";
START TRANSACTION;
SET time_zone = "+00:00";


/*!40101 SET @OLD_CHARACTER_SET_CLIENT=@@CHARACTER_SET_CLIENT */;
/*!40101 SET @OLD_CHARACTER_SET_RESULTS=@@CHARACTER_SET_RESULTS */;
/*!40101 SET @OLD_COLLATION_CONNECTION=@@COLLATION_CONNECTION */;
/*!40101 SET NAMES utf8mb4 */;

--
-- Base de données : `aggrodb`
--

-- --------------------------------------------------------

--
-- Structure de la table `department`
--

DROP TABLE IF EXISTS `department`;
CREATE TABLE IF NOT EXISTS `department` (
  `id` bigint NOT NULL AUTO_INCREMENT,
  `name` varchar(255) DEFAULT NULL,
  PRIMARY KEY (`id`)
) ENGINE=InnoDB AUTO_INCREMENT=15 DEFAULT CHARSET=utf8mb4 COLLATE=utf8mb4_0900_ai_ci;

--
-- Déchargement des données de la table `department`
--

INSERT INTO `department` (`id`, `name`) VALUES
(1, 'Ressources Humaines'),
(2, 'Informatique'),
(3, 'Administratif'),
(4, 'Production'),
(5, 'Maintenance'),
(6, 'Commercial');

-- --------------------------------------------------------

--
-- Structure de la table `employee`
--

DROP TABLE IF EXISTS `employee`;
CREATE TABLE IF NOT EXISTS `employee` (
  `id` bigint NOT NULL AUTO_INCREMENT,
  `cellphone` varchar(255) DEFAULT NULL,
  `email` varchar(255) DEFAULT NULL,
  `landline` varchar(255) DEFAULT NULL,
  `name` varchar(255) DEFAULT NULL,
  `department_id` bigint DEFAULT NULL,
  `site_id` bigint DEFAULT NULL,
  PRIMARY KEY (`id`),
  KEY `FKbejtwvg9bxus2mffsm3swj3u9` (`department_id`),
  KEY `FKofmdiligf6j2t4osxwpbjgcgp` (`site_id`)
) ENGINE=InnoDB AUTO_INCREMENT=1017 DEFAULT CHARSET=utf8mb4 COLLATE=utf8mb4_0900_ai_ci;

--
-- Déchargement des données de la table `employee`
--

INSERT INTO `employee` (`id`, `cellphone`, `email`, `landline`, `name`, `department_id`, `site_id`) VALUES
(1, '0630439282', 'astrid-lucy.carpentier@mail.com', '0315989690', 'Astrid-Lucy Carpentier', 4, 4),
(2, '0629958952', 'bernard.lebon@mail.com', '0421725207', 'Bernard Lebon', 5, 5),
(3, '0660421422', 'dominique.parent@mail.com', '0157577849', 'Dominique Parent', 3, 1),
(4, '0667945494', 'isaac-aime.baron@mail.com', '0438102954', 'Isaac-Aime Baron', 4, 3),
(5, '0628659977', 'charlotte.pineau-le-chauvet@mail.com', '0413251741', 'Charlotte Pineau Le Chauvet', 5, 5),
(6, '0678061651', 'bertrand.pichon@mail.com', '0417295342', 'Bertrand Pichon', 5, 3),
(7, '0664578190', 'denis.lamy@mail.com', '0147496740', 'Denis Lamy', 2, 1),
(8, '0665018541', 'martine.weiss@mail.com', '0123222519', 'Martine Weiss', 1, 1),
(9, '0698942347', 'tristan.simon@mail.com', '0162051479', 'Tristan Simon', 2, 1),
(10, '0618383014', 'andree.sauvage@mail.com', '0131396131', 'Andree Sauvage', 3, 1),
(11, '0699860567', 'alexandrie-eleonore.bertin@mail.com', '0488614576', 'Alexandrie-Eleonore Bertin', 4, 3),
(12, '0692648074', 'stephanie.dupuy@mail.com', '0442858401', 'Stephanie Dupuy', 4, 3),
(13, '0621405334', 'gilbert-emile.thibault@mail.com', '0374982322', 'Gilbert-Emile Thibault', 4, 4),
(14, '0676010843', 'chantal.renault-du-gimenez@mail.com', '0291709350', 'Chantal Renault du Gimenez', 4, 2),
(15, '0695499884', 'marcelle.diallo@mail.com', '0323419625', 'Marcelle Diallo', 1, 4),
(16, '0642678860', 'patricia.becker@mail.com', '0486567317', 'Patricia Becker', 4, 3),
(17, '0627952292', 'victor.bouvier@mail.com', '0438863911', 'Victor Bouvier', 5, 5),
(18, '0681248136', 'aurelie.germain-blanchet@mail.com', '0490391773', 'Aurelie Germain-Blanchet', 5, 5),
(19, '0663509996', 'antoinette.gonzalez-petitjean@mail.com', '0420366542', 'Antoinette Gonzalez-Petitjean', 4, 5),
(20, '0685027699', 'agathe.rocher@mail.com', '0421219921', 'Agathe Rocher', 1, 5),
(21, '0613927797', 'jacqueline.dos-santos-le-bailly@mail.com', '0130118124', 'Jacqueline Dos Santos Le Bailly', 3, 1),
(22, '0691155376', 'nicole.le-bouvier@mail.com', '0494571107', 'Nicole Le Bouvier', 5, 3),
(23, '0641694364', 'alex-madeleine.lesage@mail.com', '0421472554', 'Alex-Madeleine Lesage', 5, 3),
(24, '0689536989', 'valentine.du-morin@mail.com', '0457682813', 'Valentine du Morin', 5, 5),
(25, '0682086957', 'elisabeth.giraud-de-la-didier@mail.com', '0110235530', 'Elisabeth Giraud de la Didier', 6, 1),
(26, '0621531998', 'danielle.auger@mail.com', '0112484440', 'Danielle Auger', 3, 1),
(27, '0664252056', 'edith.weiss-courtois@mail.com', '0322071913', 'Edith Weiss-Courtois', 5, 4),
(28, '0634021621', 'michel.lopes@mail.com', '0380926052', 'Michel Lopes', 4, 4),
(29, '0656492065', 'jules-bernard.lenoir@mail.com', '0285918893', 'Jules-Bernard Lenoir', 4, 2),
(30, '0644997930', 'aurelie.remy@mail.com', '0276130341', 'Aurelie Remy', 5, 2),
(31, '0621995652', 'penelope-clemence.raynaud@mail.com', '0415051320', 'Penelope-Clemence Raynaud', 1, 3),
(32, '0622351784', 'margaud-maggie.lacroix@mail.com', '0446901766', 'Margaud-Maggie Lacroix', 4, 3),
(33, '0636902075', 'lucas.ferreira@mail.com', '0482745978', 'Lucas Ferreira', 4, 5),
(34, '0679850622', 'roland.ollivier@mail.com', '0420715511', 'Roland Ollivier', 1, 3),
(35, '0615637363', 'suzanne.letellier-de-la-gaudin@mail.com', '0339469532', 'Suzanne Letellier de la Gaudin', 4, 4),
(36, '0649190099', 'brigitte.du-brunet@mail.com', '0475564263', 'Brigitte du Brunet', 1, 3),
(37, '0695577959', 'luc.chevalier@mail.com', '0117653946', 'Luc Chevalier', 2, 1),
(38, '0681118027', 'roland.delorme@mail.com', '0447380690', 'Roland Delorme', 5, 5),
(39, '0688511031', 'guy.boulay@mail.com', '0195572693', 'Guy Boulay', 1, 1),
(40, '0615664595', 'thibaut.guyon@mail.com', '0271986977', 'Thibaut Guyon', 1, 2),
(41, '0662287448', 'eric-stephane.chauveau@mail.com', '0290175653', 'Eric-Stephane Chauveau', 4, 2),
(42, '0696679129', 'zacharie.du-martinez@mail.com', '0494218732', 'Zacharie du Martinez', 1, 3),
(43, '0694301278', 'remy.allain@mail.com', '0243062019', 'Remy Allain', 1, 2),
(44, '0627218937', 'edouard.lambert@mail.com', '0480749924', 'Edouard Lambert', 1, 5),
(45, '0673642827', 'philippe.leclerc@mail.com', '0445877295', 'Philippe Leclerc', 1, 3),
(46, '0653221489', 'arthur.aubry-du-bigot@mail.com', '0472561488', 'Arthur Aubry du Bigot', 4, 5),
(47, '0655067864', 'valentine-marcelle.riou@mail.com', '0427971270', 'Valentine-Marcelle Riou', 4, 5),
(48, '0664000206', 'auguste.faivre@mail.com', '0140270661', 'Auguste Faivre', 3, 1),
(49, '0669168144', 'constance.marchal@mail.com', '0184755334', 'Constance Marchal', 1, 1),
(50, '0692148990', 'laurence.de-la-dufour@mail.com', '0187975589', 'Laurence de la Dufour', 3, 1),
(51, '0698975499', 'emmanuelle.colas@mail.com', '0458026555', 'Emmanuelle Colas', 1, 5),
(52, '0688935202', 'nathalie-zoe.reynaud@mail.com', '0157843609', 'Nathalie-Zoe Reynaud', 2, 1),
(53, '0627529660', 'anne.de-la-philippe@mail.com', '0337989700', 'Anne de la Philippe', 4, 4),
(54, '0668062255', 'charles.martineau@mail.com', '0456628068', 'Charles Martineau', 4, 5),
(55, '0650882388', 'pierre.moreno@mail.com', '0436057472', 'Pierre Moreno', 1, 5),
(56, '0649637505', 'franck.delahaye-de-la-lenoir@mail.com', '0380437077', 'Franck Delahaye de la Lenoir', 5, 4),
(57, '0688971793', 'gilbert.reynaud@mail.com', '0451348677', 'Gilbert Reynaud', 1, 5),
(58, '0641165099', 'catherine-lucy.guilbert@mail.com', '0280440107', 'Catherine-Lucy Guilbert', 4, 2),
(59, '0659218672', 'daniel.gauthier@mail.com', '0455878269', 'Daniel Gauthier', 4, 5),
(60, '0687223421', 'jeannine.torres@mail.com', '0452565232', 'Jeannine Torres', 1, 3),
(61, '0626757389', 'sebastien.maillot@mail.com', '0412046291', 'Sebastien Maillot', 1, 5),
(62, '0673947178', 'jules.gregoire@mail.com', '0340225077', 'Jules Gregoire', 5, 4),
(63, '0679163105', 'victoire.rolland@mail.com', '0427242947', 'Victoire Rolland', 4, 5),
(64, '0658951705', 'benjamin-auguste.da-silva@mail.com', '0199055540', 'Benjamin-Auguste Da Silva', 3, 1),
(65, '0680136157', 'henri.lagarde-auger@mail.com', '0452708200', 'Henri Lagarde-Auger', 4, 3),
(66, '0693494967', 'victoire-christelle.guillaume@mail.com', '0380480661', 'Victoire-Christelle Guillaume', 1, 4),
(67, '0657995456', 'philippine.meyer@mail.com', '0452838774', 'Philippine Meyer', 1, 5),
(68, '0680658852', 'lucie.alves@mail.com', '0418455197', 'Lucie Alves', 4, 3),
(69, '0639824895', 'william.pelletier@mail.com', '0486262434', 'William Pelletier', 1, 3),
(70, '0625213855', 'lucas.da-costa@mail.com', '0383289383', 'Lucas Da Costa', 4, 4),
(71, '0689704658', 'sabine.roche@mail.com', '0324142644', 'Sabine Roche', 1, 4),
(72, '0689080227', 'daniel.rodriguez@mail.com', '0311921087', 'Daniel Rodriguez', 5, 4),
(73, '0629577428', 'alex.lebreton@mail.com', '0481329306', 'Alex Lebreton', 4, 3),
(74, '0614531718', 'franck.le-pires@mail.com', '0467352694', 'Franck Le Pires', 1, 5),
(75, '0664736741', 'martin.rossi-dupont@mail.com', '0187499241', 'Martin Rossi-Dupont', 1, 1),
(76, '0615987815', 'elise.bonnin@mail.com', '0313352837', 'Elise Bonnin', 4, 4),
(77, '0640928883', 'victoire.peron@mail.com', '0442735578', 'Victoire Peron', 5, 5),
(78, '0641939106', 'laurence.auger@mail.com', '0315270839', 'Laurence Auger', 4, 4),
(79, '0639399151', 'pierre.renault-du-leveque@mail.com', '0441795132', 'Pierre Renault du Leveque', 1, 5),
(80, '0656141682', 'david.letellier@mail.com', '0359715031', 'David Letellier', 1, 4),
(81, '0666824854', 'arthur.lefevre@mail.com', '0265212983', 'Arthur Lefevre', 5, 2),
(82, '0638726397', 'etienne.lenoir@mail.com', '0413099895', 'Etienne Lenoir', 1, 3),
(83, '0661655370', 'valerie.diallo@mail.com', '0494103404', 'Valerie Diallo', 4, 5),
(84, '0694281591', 'claude.dos-santos-leconte@mail.com', '0190167912', 'Claude Dos Santos-Leconte', 6, 1),
(85, '0651775509', 'elisabeth.gilles@mail.com', '0485601152', 'Elisabeth Gilles', 5, 3),
(86, '0634723723', 'thomas.du-potier@mail.com', '0455701036', 'Thomas du Potier', 1, 5),
(87, '0655273280', 'emmanuel.le-gilbert@mail.com', '0474989722', 'Emmanuel Le Gilbert', 1, 5),
(88, '0690155719', 'alex.de-la-seguin@mail.com', '0453039939', 'Alex de la Seguin', 1, 3),
(89, '0671784535', 'alice.de-monnier@mail.com', '0258251981', 'Alice de Monnier', 4, 2),
(90, '0650605365', 'francoise-denise.langlois@mail.com', '0461629194', 'Francoise-Denise Langlois', 1, 5),
(91, '0626297150', 'emmanuel.neveu@mail.com', '0390110180', 'Emmanuel Neveu', 4, 4),
(92, '0698732898', 'roger.coulon-mahe@mail.com', '0310975371', 'Roger Coulon-Mahe', 1, 4),
(93, '0687211065', 'eugene-matthieu.gallet@mail.com', '0475519848', 'Eugene-Matthieu Gallet', 1, 3),
(94, '0657445507', 'christelle-suzanne.lemaitre@mail.com', '0358340911', 'Christelle-Suzanne Lemaitre', 4, 4),
(95, '0647646658', 'tristan.gaudin-morvan@mail.com', '0451543739', 'Tristan Gaudin-Morvan', 5, 5),
(96, '0644755591', 'alain.daniel@mail.com', '0254346864', 'Alain Daniel', 1, 2),
(97, '0633990661', 'andre.merle@mail.com', '0449188049', 'Andre Merle', 5, 5),
(98, '0662067860', 'marc.du-baudry@mail.com', '0430309378', 'Marc du Baudry', 5, 5),
(99, '0694958897', 'theophile.meyer-du-dumont@mail.com', '0419260245', 'Theophile Meyer du Dumont', 1, 5),
(100, '0646183128', 'laurence.besnard-du-henry@mail.com', '0317914500', 'Laurence Besnard du Henry', 4, 4),
(101, '0671380754', 'alexandria.raynaud@mail.com', '0329691306', 'Alexandria Raynaud', 5, 4),
(102, '0623598692', 'manon.pruvost@mail.com', '0351884244', 'Manon Pruvost', 5, 4),
(103, '0625242470', 'raymond.lacombe-hardy@mail.com', '0251656391', 'Raymond Lacombe-Hardy', 5, 2),
(104, '0650053664', 'david.maury@mail.com', '0414239208', 'David Maury', 5, 3),
(105, '0651231093', 'catherine.guichard-de-pineau@mail.com', '0450701685', 'Catherine Guichard de Pineau', 4, 5),
(106, '0686345520', 'denise-henriette.chauvet@mail.com', '0220857230', 'Denise-Henriette Chauvet', 5, 2),
(107, '0622348490', 'thibaut.aubert-briand@mail.com', '0472876124', 'Thibaut Aubert-Briand', 4, 3),
(108, '0643950325', 'pauline.gerard@mail.com', '0491153414', 'Pauline Gerard', 4, 5),
(109, '0657851884', 'sophie.mary-de-chevallier@mail.com', '0453544056', 'Sophie Mary de Chevallier', 1, 5),
(110, '0681756303', 'alex.leclerc-blot@mail.com', '0419713776', 'Alex Leclerc-Blot', 5, 5),
(111, '0617382281', 'marianne.gregoire@mail.com', '0460081984', 'Marianne Gregoire', 4, 3),
(112, '0654575192', 'jerome-philippe.verdier@mail.com', '0419788276', 'Jerome-Philippe Verdier', 4, 3),
(113, '0679521487', 'stephane.martineau@mail.com', '0114980940', 'Stephane Martineau', 2, 1),
(114, '0683679168', 'jeanne.vaillant@mail.com', '0126265415', 'Jeanne Vaillant', 1, 1),
(115, '0666151354', 'isabelle.lombard-de-raymond@mail.com', '0262893696', 'Isabelle Lombard de Raymond', 1, 2),
(116, '0613207323', 'helene.lejeune-pierre@mail.com', '0360003209', 'Helene Lejeune-Pierre', 5, 4),
(117, '0656380216', 'danielle.du-leroy@mail.com', '0126689192', 'Danielle du Leroy', 6, 1),
(118, '0673102563', 'gerard.lefevre@mail.com', '0343337988', 'Gerard Lefevre', 1, 4),
(119, '0626402464', 'michelle.du-descamps@mail.com', '0499062175', 'Michelle du Descamps', 5, 3),
(120, '0612189944', 'auguste-guillaume.rodrigues@mail.com', '0471820147', 'Auguste-Guillaume Rodrigues', 5, 3),
(121, '0680234768', 'luc.gilles@mail.com', '0115453125', 'Luc Gilles', 3, 1),
(122, '0629371642', 'simone.bouchet@mail.com', '0393810850', 'Simone Bouchet', 4, 4),
(123, '0697773527', 'daniel.barthelemy@mail.com', '0489993949', 'Daniel Barthelemy', 5, 3),
(124, '0658758854', 'cecile.chevallier@mail.com', '0313958451', 'Cecile Chevallier', 4, 4),
(125, '0634592948', 'guillaume.du-barre@mail.com', '0432538042', 'Guillaume du Barre', 4, 5),
(126, '0668189797', 'sabine.nguyen@mail.com', '0247024196', 'Sabine Nguyen', 1, 2),
(127, '0673608094', 'michelle.de-la-bruneau@mail.com', '0383217443', 'Michelle de la Bruneau', 1, 4),
(128, '0696496543', 'vincent-alfred.noel@mail.com', '0250176361', 'Vincent-Alfred Noel', 1, 2),
(129, '0616399742', 'hortense.de-la-pascal@mail.com', '0354923726', 'Hortense de la Pascal', 4, 4),
(130, '0632838962', 'andre.du-maillard@mail.com', '0227274263', 'Andre du Maillard', 1, 2),
(131, '0654147495', 'gilbert.rocher-du-marchal@mail.com', '0495889705', 'Gilbert Rocher du Marchal', 4, 3),
(132, '0683855364', 'luc.guillon@mail.com', '0470936114', 'Luc Guillon', 4, 3),
(133, '0631816111', 'suzanne.guillot@mail.com', '0339651713', 'Suzanne Guillot', 4, 4),
(134, '0667749835', 'roger.allard@mail.com', '0111397330', 'Roger Allard', 6, 1),
(135, '0616302540', 'henri.pereira@mail.com', '0475798987', 'Henri Pereira', 1, 3),
(136, '0647617645', 'virginie.rey-du-humbert@mail.com', '0483796264', 'Virginie Rey du Humbert', 5, 5),
(137, '0655034603', 'yves.joly@mail.com', '0441484600', 'Yves Joly', 1, 5),
(138, '0661682731', 'veronique.lelievre@mail.com', '0349301100', 'Veronique Lelievre', 4, 4),
(139, '0692172547', 'charlotte.royer@mail.com', '0416444466', 'Charlotte Royer', 5, 5),
(140, '0618932980', 'sophie.dufour@mail.com', '0219575407', 'Sophie Dufour', 4, 2),
(141, '0684425894', 'rene.le-goff@mail.com', '0324456904', 'Rene Le Goff', 1, 4),
(142, '0654932763', 'theodore.lacombe-fleury@mail.com', '0263351418', 'Theodore Lacombe-Fleury', 4, 2),
(143, '0667659874', 'anastasie.schmitt@mail.com', '0170318657', 'Anastasie Schmitt', 1, 1),
(144, '0688733679', 'nathalie.bouvet@mail.com', '0480977857', 'Nathalie Bouvet', 5, 5),
(145, '0660486154', 'paulette.bouchet@mail.com', '0266562660', 'Paulette Bouchet', 4, 2),
(146, '0665739337', 'dominique.ferreira-daniel@mail.com', '0310196524', 'Dominique Ferreira-Daniel', 5, 4),
(147, '0679281415', 'jerome.hamon@mail.com', '0222092742', 'Jerome Hamon', 5, 2),
(148, '0613050865', 'francois.pichon@mail.com', '0294336369', 'Francois Pichon', 5, 2),
(149, '0667390557', 'eugene.dubois@mail.com', '0290478938', 'Eugene Dubois', 5, 2),
(150, '0673748765', 'thibaut.diaz-du-cordier@mail.com', '0173545477', 'Thibaut Diaz du Cordier', 6, 1),
(151, '0618433599', 'alphonse.de-la-marty@mail.com', '0210190872', 'Alphonse de la Marty', 1, 2),
(152, '0684616390', 'christophe.royer@mail.com', '0367950327', 'Christophe Royer', 5, 4),
(153, '0661384165', 'alexandre.petit@mail.com', '0120991626', 'Alexandre Petit', 3, 1),
(154, '0672634895', 'gilles.de-oliveira-du-salmon@mail.com', '0131751571', 'Gilles De Oliveira du Salmon', 3, 1),
(155, '0613104851', 'claudine.albert-de-la-coste@mail.com', '0276416046', 'Claudine Albert de la Coste', 4, 2),
(156, '0656074153', 'joseph.legros@mail.com', '0415687085', 'Joseph Legros', 4, 3),
(157, '0670139433', 'marie.delannoy@mail.com', '0297475089', 'Marie Delannoy', 1, 2),
(158, '0653672608', 'helene.sauvage-hubert@mail.com', '0270096916', 'Helene Sauvage-Hubert', 1, 2),
(159, '0658821989', 'julien.evrard-renault@mail.com', '0449959422', 'Julien Evrard-Renault', 5, 3),
(160, '0632156808', 'emmanuelle.marechal@mail.com', '0441100912', 'Emmanuelle Marechal', 1, 5),
(161, '0681996546', 'georges.bernier-le-fernandez@mail.com', '0436881437', 'Georges Bernier Le Fernandez', 4, 3),
(162, '0623593223', 'gregoire.auger@mail.com', '0259161464', 'Gregoire Auger', 5, 2),
(163, '0646183119', 'anastasie.le-delattre@mail.com', '0474417646', 'Anastasie Le Delattre', 1, 3),
(164, '0632365790', 'christophe-julien.gros@mail.com', '0427741507', 'Christophe-Julien Gros', 5, 5),
(165, '0617127831', 'virginie.merle-delannoy@mail.com', '0487969752', 'Virginie Merle-Delannoy', 5, 5),
(166, '0690309849', 'margaux.philippe@mail.com', '0261827007', 'Margaux Philippe', 4, 2),
(167, '0667010406', 'brigitte.hamon@mail.com', '0455294622', 'Brigitte Hamon', 5, 3),
(168, '0636753325', 'nathalie.de-la-blondel@mail.com', '0382039397', 'Nathalie de la Blondel', 5, 4),
(169, '0698059963', 'louis.hubert-le-legendre@mail.com', '0450116513', 'Louis Hubert Le Legendre', 1, 5),
(170, '0660835322', 'emile-antoine.da-silva@mail.com', '0491264197', 'Emile-Antoine Da Silva', 4, 5),
(171, '0652975471', 'noel.laroche-de-fournier@mail.com', '0441348331', 'Noel Laroche de Fournier', 4, 5),
(172, '0633495504', 'martin.bouvet@mail.com', '0288983699', 'Martin Bouvet', 4, 2),
(173, '0689384315', 'christiane.martineau@mail.com', '0340640077', 'Christiane Martineau', 1, 4),
(174, '0686489387', 'suzanne.antoine@mail.com', '0357980922', 'Suzanne Antoine', 4, 4),
(175, '0622213023', 'philippe.de-oliveira@mail.com', '0459587100', 'Philippe De Oliveira', 5, 3),
(176, '0614402559', 'nicolas-philippe.bonneau@mail.com', '0110123717', 'Nicolas-Philippe Bonneau', 6, 1),
(177, '0617760940', 'thibaut.louis@mail.com', '0286550992', 'Thibaut Louis', 1, 2),
(178, '0681380499', 'roland.muller@mail.com', '0164852067', 'Roland Muller', 1, 1),
(179, '0673328185', 'emile.guillet@mail.com', '0343763060', 'Emile Guillet', 1, 4),
(180, '0696870729', 'victor.guyot@mail.com', '0498460003', 'Victor Guyot', 4, 3),
(181, '0696062520', 'roland.gerard@mail.com', '0468576261', 'Roland Gerard', 4, 5),
(182, '0658864542', 'frederique.de-lucas@mail.com', '0137819734', 'Frederique de Lucas', 6, 1),
(183, '0665223676', 'margaret-amelie.riou@mail.com', '0323029734', 'Margaret-Amelie Riou', 1, 4),
(184, '0649893538', 'emmanuel.martel@mail.com', '0154273513', 'Emmanuel Martel', 1, 1),
(185, '0656993594', 'maurice-theophile.lagarde@mail.com', '0269618783', 'Maurice-Theophile Lagarde', 1, 2),
(186, '0619593256', 'alain.boulay@mail.com', '0480541991', 'Alain Boulay', 1, 5),
(187, '0637257966', 'nath.rousseau-du-huet@mail.com', '0419845419', 'Nath Rousseau du Huet', 4, 3),
(188, '0643635849', 'alphonse.guillon@mail.com', '0237218696', 'Alphonse Guillon', 4, 2),
(189, '0636239478', 'marc.albert@mail.com', '0178228129', 'Marc Albert', 3, 1),
(190, '0640633233', 'margot.de-la-perret@mail.com', '0171889426', 'Margot de la Perret', 3, 1),
(191, '0634400188', 'bertrand.toussaint@mail.com', '0475794941', 'Bertrand Toussaint', 4, 5),
(192, '0617069081', 'charlotte.herve@mail.com', '0244253800', 'Charlotte Herve', 4, 2),
(193, '0675770211', 'antoine.masse@mail.com', '0116664099', 'Antoine Masse', 3, 1),
(194, '0642026582', 'tristan.le-le-goff@mail.com', '0320858792', 'Tristan Le Le Goff', 4, 4),
(195, '0669619057', 'adrien.boutin@mail.com', '0437130724', 'Adrien Boutin', 5, 5),
(196, '0642494342', 'michele.ruiz@mail.com', '0190166426', 'Michele Ruiz', 3, 1),
(197, '0654709483', 'christelle.letellier@mail.com', '0132890545', 'Christelle Letellier', 3, 1),
(198, '0696294310', 'patricia.sauvage@mail.com', '0161169769', 'Patricia Sauvage', 3, 1),
(199, '0628337493', 'augustin.laporte@mail.com', '0447920233', 'Augustin Laporte', 4, 5),
(200, '0656013336', 'julie-lucy.lombard@mail.com', '0132089968', 'Julie-Lucy Lombard', 1, 1),
(201, '0648921968', 'noel.legros@mail.com', '0124902229', 'Noel Legros', 6, 1),
(202, '0681220302', 'constance.dos-santos@mail.com', '0146660573', 'Constance Dos Santos', 2, 1),
(203, '0643343282', 'eugene.legros@mail.com', '0357541031', 'Eugene Legros', 1, 4),
(204, '0617830376', 'madeleine.brun@mail.com', '0269486549', 'Madeleine Brun', 4, 2),
(205, '0661593514', 'maurice.jacob@mail.com', '0455413349', 'Maurice Jacob', 1, 5),
(206, '0658555643', 'aimee-odette.boucher@mail.com', '0339694054', 'Aimee-Odette Boucher', 1, 4),
(207, '0691724297', 'thierry.reynaud-le-dos-santos@mail.com', '0416205810', 'Thierry Reynaud Le Dos Santos', 1, 3),
(208, '0625639967', 'oceane.delahaye@mail.com', '0491139881', 'Oceane Delahaye', 5, 3),
(209, '0644610110', 'remy.raymond@mail.com', '0243749329', 'Remy Raymond', 1, 2),
(210, '0655705332', 'emmanuel.poulain@mail.com', '0314160779', 'Emmanuel Poulain', 5, 4),
(211, '0697941066', 'suzanne.martel@mail.com', '0461818290', 'Suzanne Martel', 4, 3),
(212, '0695981786', 'david.lecomte@mail.com', '0163033876', 'David Lecomte', 2, 1),
(213, '0653041618', 'lucas.leconte@mail.com', '0291789849', 'Lucas Leconte', 4, 2),
(214, '0621717641', 'elise.gros@mail.com', '0451430201', 'Elise Gros', 5, 5),
(215, '0629041745', 'danielle.de-vasseur@mail.com', '0353090702', 'Danielle de Vasseur', 1, 4),
(216, '0674838868', 'richard.potier@mail.com', '0219941663', 'Richard Potier', 4, 2),
(217, '0667735937', 'nathalie.de-le-goff@mail.com', '0465010840', 'Nathalie de Le Goff', 5, 5),
(218, '0610462441', 'christelle.dias-garcia@mail.com', '0253140322', 'Christelle Dias-Garcia', 5, 2),
(219, '0637257079', 'danielle.legrand@mail.com', '0136855833', 'Danielle Legrand', 3, 1),
(220, '0617744996', 'patrick.delorme@mail.com', '0474051617', 'Patrick Delorme', 1, 5),
(221, '0621461541', 'aimee.diallo-schneider@mail.com', '0255654973', 'Aimee Diallo-Schneider', 4, 2),
(222, '0618262784', 'andree.chauvin@mail.com', '0188558763', 'Andree Chauvin', 2, 1),
(223, '0676432604', 'honore.legros@mail.com', '0354236652', 'Honore Legros', 1, 4),
(224, '0681116343', 'thomas.turpin-sauvage@mail.com', '0149109313', 'Thomas Turpin-Sauvage', 6, 1),
(225, '0697394379', 'margot.pelletier@mail.com', '0455328136', 'Margot Pelletier', 1, 3),
(226, '0684211836', 'dorothee.ferrand-le-roussel@mail.com', '0298740709', 'Dorothee Ferrand Le Roussel', 5, 2),
(227, '0647526395', 'stephanie.grondin-de-leger@mail.com', '0345614379', 'Stephanie Grondin de Leger', 1, 4),
(228, '0673946373', 'stephanie.joubert@mail.com', '0316742644', 'Stephanie Joubert', 1, 4),
(229, '0655484635', 'thierry-vincent.dijoux@mail.com', '0495751929', 'Thierry-Vincent Dijoux', 4, 3),
(230, '0694454937', 'gerard.martinez@mail.com', '0171244821', 'Gerard Martinez', 1, 1),
(231, '0663423500', 'jules.legendre@mail.com', '0167770465', 'Jules Legendre', 2, 1),
(232, '0643062224', 'suzanne.georges@mail.com', '0163432399', 'Suzanne Georges', 1, 1),
(233, '0681038054', 'olivie.ribeiro@mail.com', '0467582630', 'Olivie Ribeiro', 1, 5),
(234, '0610796010', 'tristan.du-lagarde@mail.com', '0445609743', 'Tristan du Lagarde', 1, 5),
(235, '0695506053', 'jacques.fouquet@mail.com', '0413429302', 'Jacques Fouquet', 5, 5),
(236, '0681810558', 'maurice.lemonnier@mail.com', '0484907750', 'Maurice Lemonnier', 4, 3),
(237, '0671239400', 'patricia.robin@mail.com', '0441712847', 'Patricia Robin', 1, 5),
(238, '0698888256', 'charles.lemaire@mail.com', '0499367657', 'Charles Lemaire', 1, 5),
(239, '0632492408', 'arthur.millet@mail.com', '0231639808', 'Arthur Millet', 4, 2),
(240, '0646790132', 'noel.martineau@mail.com', '0452096119', 'Noel Martineau', 1, 5),
(241, '0611476535', 'henriette.laine@mail.com', '0254795272', 'Henriette Laine', 1, 2),
(242, '0669731076', 'rene.imbert-lebon@mail.com', '0478518824', 'Rene Imbert-Lebon', 4, 3),
(243, '0699450838', 'suzanne.riou@mail.com', '0432978892', 'Suzanne Riou', 4, 5),
(244, '0689183996', 'richard.samson@mail.com', '0157406704', 'Richard Samson', 2, 1),
(245, '0627634830', 'denise-laetitia.clement@mail.com', '0499949199', 'Denise-Laetitia Clement', 1, 3),
(246, '0626104113', 'victoire.barthelemy@mail.com', '0467507918', 'Victoire Barthelemy', 1, 3),
(247, '0635086069', 'richard.renaud@mail.com', '0175548802', 'Richard Renaud', 2, 1),
(248, '0665536782', 'maurice.boulay@mail.com', '0436629237', 'Maurice Boulay', 4, 3),
(249, '0670628743', 'yves.baron@mail.com', '0477412544', 'Yves Baron', 1, 3),
(250, '0659310389', 'alfred.merle-le-bouvet@mail.com', '0415665677', 'Alfred Merle Le Bouvet', 1, 5),
(251, '0648322924', 'emilie-aimee.dias@mail.com', '0441516506', 'Emilie-Aimee Dias', 4, 5),
(252, '0632567774', 'diane.dumas@mail.com', '0482114899', 'Diane Dumas', 4, 5),
(253, '0666483174', 'juliette-jeanne.herve@mail.com', '0431639560', 'Juliette-Jeanne Herve', 5, 3),
(254, '0643977483', 'odette.louis@mail.com', '0332532857', 'Odette Louis', 5, 4),
(255, '0685047086', 'pierre.leclerc@mail.com', '0477988431', 'Pierre Leclerc', 1, 5),
(256, '0654935647', 'laure.mercier@mail.com', '0411814375', 'Laure Mercier', 4, 3),
(257, '0670412429', 'emmanuelle.sauvage@mail.com', '0395915901', 'Emmanuelle Sauvage', 1, 4),
(258, '0690373617', 'jacques.ollivier-de-tanguy@mail.com', '0129668941', 'Jacques Ollivier de Tanguy', 6, 1),
(259, '0646723520', 'michelle.parent@mail.com', '0311149445', 'Michelle Parent', 5, 4),
(260, '0688855843', 'victor.gay@mail.com', '0410692273', 'Victor Gay', 1, 5),
(261, '0618346055', 'gregoire-thierry.lemonnier@mail.com', '0374350602', 'Gregoire-Thierry Lemonnier', 4, 4),
(262, '0676487427', 'aime.de-la-masse@mail.com', '0245264456', 'Aime de la Masse', 4, 2),
(263, '0689013499', 'frederique.lenoir@mail.com', '0125836194', 'Frederique Lenoir', 6, 1),
(264, '0636217980', 'lorraine.maurice@mail.com', '0354282874', 'Lorraine Maurice', 5, 4),
(265, '0620166198', 'marc.vallee@mail.com', '0232317464', 'Marc Vallee', 1, 2),
(266, '0626633333', 'timothee.lombard-barbe@mail.com', '0410458506', 'Timothee Lombard-Barbe', 4, 5),
(267, '0644884043', 'david-theodore.roche@mail.com', '0188634976', 'David-Theodore Roche', 2, 1),
(268, '0647359903', 'simone.le-herve@mail.com', '0370221799', 'Simone Le Herve', 1, 4),
(269, '0613134646', 'simone.gilbert-hoarau@mail.com', '0466614018', 'Simone Gilbert-Hoarau', 5, 3),
(270, '0671463957', 'hugues.monnier-de-remy@mail.com', '0277060053', 'Hugues Monnier de Remy', 5, 2),
(271, '0672641238', 'franck.de-didier@mail.com', '0219552964', 'Franck de Didier', 4, 2),
(272, '0667218049', 'hortense.masson@mail.com', '0326112237', 'Hortense Masson', 1, 4),
(273, '0638291350', 'colette.charrier@mail.com', '0414063841', 'Colette Charrier', 5, 5),
(274, '0675476429', 'richard.garcia@mail.com', '0382916908', 'Richard Garcia', 5, 4),
(275, '0671345170', 'xavier.perrot@mail.com', '0137333317', 'Xavier Perrot', 3, 1),
(276, '0656939293', 'margot.leroux@mail.com', '0130656278', 'Margot Leroux', 2, 1),
(277, '0680726088', 'astrid.blin-le-lebreton@mail.com', '0442405844', 'Astrid Blin Le Lebreton', 5, 5),
(278, '0699806157', 'audrey.bouvet-fleury@mail.com', '0146598826', 'Audrey Bouvet-Fleury', 2, 1),
(279, '0679459386', 'isaac.legendre-perrier@mail.com', '0463893929', 'Isaac Legendre-Perrier', 4, 5),
(280, '0677252774', 'dominique.bruneau@mail.com', '0261962977', 'Dominique Bruneau', 4, 2),
(281, '0663345139', 'marc.lejeune@mail.com', '0429333618', 'Marc Lejeune', 1, 3),
(282, '0650875204', 'emile.moreau@mail.com', '0268671289', 'Emile Moreau', 1, 2),
(283, '0670107011', 'aurore.de-la-cordier@mail.com', '0453152773', 'Aurore de la Cordier', 5, 5),
(284, '0653677327', 'manon.hamon-de-masse@mail.com', '0441655215', 'Manon Hamon de Masse', 5, 5),
(285, '0674153157', 'timothee.levy@mail.com', '0257168432', 'Timothee Levy', 1, 2),
(286, '0629858374', 'etienne.de-la-pereira@mail.com', '0259354487', 'Etienne de la Pereira', 4, 2),
(287, '0638131962', 'brigitte.richard-bouchet@mail.com', '0291632998', 'Brigitte Richard-Bouchet', 5, 2),
(288, '0643944693', 'louise.lemoine@mail.com', '0238831762', 'Louise Lemoine', 4, 2),
(289, '0642540478', 'anne.laporte@mail.com', '0385428029', 'Anne Laporte', 1, 4),
(290, '0624678744', 'martin.le-lacroix@mail.com', '0265943143', 'Martin Le Lacroix', 5, 2),
(291, '0693516806', 'marguerite.tessier@mail.com', '0425095794', 'Marguerite Tessier', 4, 3),
(292, '0638460035', 'jacques.normand-du-morin@mail.com', '0485126199', 'Jacques Normand du Morin', 4, 3),
(293, '0629187220', 'madeleine.alexandre@mail.com', '0470709673', 'Madeleine Alexandre', 1, 5),
(294, '0688416417', 'alix.roux@mail.com', '0484763497', 'Alix Roux', 5, 3),
(295, '0629044270', 'elodie.de-lecoq@mail.com', '0474665062', 'Elodie de Lecoq', 4, 3),
(296, '0643784254', 'sabine.hebert@mail.com', '0187077370', 'Sabine Hebert', 3, 1),
(297, '0666352457', 'luc.gaudin-albert@mail.com', '0469660218', 'Luc Gaudin-Albert', 5, 5),
(298, '0623568284', 'francoise.julien@mail.com', '0441543569', 'Francoise Julien', 5, 3),
(299, '0611960986', 'frederic.guillaume@mail.com', '0237240463', 'Frederic Guillaume', 4, 2),
(300, '0648866182', 'raymond.cordier@mail.com', '0163567134', 'Raymond Cordier', 2, 1),
(301, '0691116463', 'sylvie.petitjean@mail.com', '0220343981', 'Sylvie Petitjean', 4, 2),
(302, '0662851750', 'sebastien.baron@mail.com', '0274379036', 'Sebastien Baron', 5, 2),
(303, '0656762632', 'denis.antoine@mail.com', '0495955856', 'Denis Antoine', 1, 5),
(304, '0620801536', 'thibaut.fournier-rodriguez@mail.com', '0351911292', 'Thibaut Fournier-Rodriguez', 4, 4),
(305, '0642236957', 'capucine.payet@mail.com', '0231331620', 'Capucine Payet', 5, 2),
(306, '0699463354', 'helene.de-la-lefebvre@mail.com', '0339397868', 'Helene de la Lefebvre', 5, 4),
(307, '0655802692', 'alexandrie.lefebvre-charles@mail.com', '0390169672', 'Alexandrie Lefebvre-Charles', 4, 4),
(308, '0692137005', 'nicole.pascal@mail.com', '0468578953', 'Nicole Pascal', 1, 5),
(309, '0619646517', 'isabelle.baudry@mail.com', '0255455531', 'Isabelle Baudry', 5, 2),
(310, '0653980617', 'christine.millet-cousin@mail.com', '0364136536', 'Christine Millet-Cousin', 1, 4),
(311, '0623813878', 'thibaut.duhamel@mail.com', '0451837805', 'Thibaut Duhamel', 5, 3),
(312, '0689920385', 'christelle.blanc@mail.com', '0420035896', 'Christelle Blanc', 4, 3),
(313, '0651637363', 'odette.de-la-brunel@mail.com', '0216772157', 'Odette de la Brunel', 5, 2),
(314, '0658759971', 'charlotte-corinne.lefevre@mail.com', '0367000299', 'Charlotte-Corinne Lefevre', 4, 4),
(315, '0685098020', 'theodore.laporte-allard@mail.com', '0489618134', 'Theodore Laporte-Allard', 4, 3),
(316, '0630299800', 'luce.carlier@mail.com', '0477167658', 'Luce Carlier', 1, 5),
(317, '0626778427', 'frederique.joseph@mail.com', '0489216420', 'Frederique Joseph', 4, 3),
(318, '0698779862', 'lorraine.rossi@mail.com', '0169232340', 'Lorraine Rossi', 1, 1),
(319, '0675933896', 'olivie.loiseau@mail.com', '0461673637', 'Olivie Loiseau', 1, 3),
(320, '0672742325', 'nicolas.le-goff@mail.com', '0436255655', 'Nicolas Le Goff', 5, 3),
(321, '0661229738', 'theodore.louis@mail.com', '0329152978', 'Theodore Louis', 1, 4),
(322, '0662005710', 'jeanne.marie@mail.com', '0288689518', 'Jeanne Marie', 4, 2),
(323, '0677914118', 'yves.foucher@mail.com', '0390512491', 'Yves Foucher', 1, 4),
(324, '0694696159', 'denise.du-jourdan@mail.com', '0454380891', 'Denise du Jourdan', 4, 3),
(325, '0619044353', 'christelle-nathalie.salmon@mail.com', '0488496832', 'Christelle-Nathalie Salmon', 5, 5),
(326, '0637205859', 'agnes.klein@mail.com', '0439391192', 'Agnes Klein', 4, 5),
(327, '0694935276', 'david.lecoq-de-la-meunier@mail.com', '0413899092', 'David Lecoq de la Meunier', 5, 5),
(328, '0632771142', 'alexandria-corinne.lesage@mail.com', '0121011704', 'Alexandria-Corinne Lesage', 2, 1),
(329, '0647550204', 'alphonse.coulon@mail.com', '0456553485', 'Alphonse Coulon', 5, 5),
(330, '0628267726', 'sophie.klein-nguyen@mail.com', '0463156752', 'Sophie Klein-Nguyen', 1, 5),
(331, '0698801162', 'franck-guy.chevallier@mail.com', '0256106033', 'Franck-Guy Chevallier', 1, 2),
(332, '0688743879', 'jerome.charles@mail.com', '0447517957', 'Jerome Charles', 5, 3),
(333, '0668876374', 'chantal.blanchard@mail.com', '0163953400', 'Chantal Blanchard', 6, 1),
(334, '0635323836', 'claude.valentin@mail.com', '0440008882', 'Claude Valentin', 4, 3),
(335, '0663654923', 'alain.de-la-roy@mail.com', '0430865824', 'Alain de la Roy', 5, 5),
(336, '0642906337', 'guillaume.guyon@mail.com', '0442420742', 'Guillaume Guyon', 5, 3),
(337, '0658177344', 'guillaume.navarro@mail.com', '0425515593', 'Guillaume Navarro', 1, 5),
(338, '0623001868', 'claire.brun-du-merle@mail.com', '0194225349', 'Claire Brun du Merle', 6, 1),
(339, '0619808833', 'olivier.fouquet@mail.com', '0155867526', 'Olivier Fouquet', 2, 1),
(340, '0644711715', 'hortense.ollivier@mail.com', '0494773852', 'Hortense Ollivier', 1, 5),
(341, '0634000778', 'aurelie.rodriguez-perrier@mail.com', '0447525712', 'Aurelie Rodriguez-Perrier', 1, 5),
(342, '0690174739', 'alexandre-maurice.paris@mail.com', '0412939287', 'Alexandre-Maurice Paris', 1, 3),
(343, '0659528188', 'lucas.bernier-le-peron@mail.com', '0317510506', 'Lucas Bernier Le Peron', 1, 4),
(344, '0628519772', 'jacqueline.ferreira@mail.com', '0179894701', 'Jacqueline Ferreira', 1, 1),
(345, '0681504023', 'edouard.de-lagarde@mail.com', '0438508085', 'Edouard de Lagarde', 4, 5),
(346, '0678528119', 'philippe.de-la-lemaire@mail.com', '0123267934', 'Philippe de la Lemaire', 6, 1),
(347, '0666156439', 'henri.launay@mail.com', '0416954306', 'Henri Launay', 5, 3),
(348, '0642531959', 'william-yves.michel@mail.com', '0285862701', 'William-Yves Michel', 5, 2),
(349, '0673810092', 'agathe.besnard@mail.com', '0223160762', 'Agathe Besnard', 4, 2),
(350, '0695909487', 'andre.de-loiseau@mail.com', '0432363924', 'Andre de Loiseau', 4, 3),
(351, '0630038291', 'aurore-martine.rousset@mail.com', '0158549035', 'Aurore-Martine Rousset', 2, 1),
(352, '0611764342', 'emmanuel.paris@mail.com', '0458835773', 'Emmanuel Paris', 4, 3),
(353, '0684150697', 'timothee.cordier@mail.com', '0357771155', 'Timothee Cordier', 1, 4),
(354, '0681281721', 'paul.aubert-lebrun@mail.com', '0269148597', 'Paul Aubert-Lebrun', 5, 2),
(355, '0628911914', 'manon.david@mail.com', '0346522036', 'Manon David', 5, 4),
(356, '0629095847', 'antoinette-victoire.faure@mail.com', '0483221426', 'Antoinette-Victoire Faure', 5, 3),
(357, '0683134775', 'martin.aubert@mail.com', '0352931454', 'Martin Aubert', 1, 4),
(358, '0671200711', 'eric.duhamel@mail.com', '0190158454', 'Eric Duhamel', 3, 1),
(359, '0674635799', 'audrey.de-la-benoit@mail.com', '0152021799', 'Audrey de la Benoit', 1, 1),
(360, '0689111509', 'madeleine.lefort@mail.com', '0419120300', 'Madeleine Lefort', 1, 3),
(361, '0687798195', 'denis.perrin-de-caron@mail.com', '0254135516', 'Denis Perrin de Caron', 5, 2),
(362, '0629939208', 'vincent.du-bonnin@mail.com', '0167689484', 'Vincent du Bonnin', 6, 1),
(363, '0617495203', 'leon.bonnet-lefebvre@mail.com', '0465856067', 'Leon Bonnet-Lefebvre', 5, 5),
(364, '0643373750', 'madeleine.besnard@mail.com', '0383511300', 'Madeleine Besnard', 1, 4),
(365, '0631020227', 'martine.pineau-weber@mail.com', '0214671859', 'Martine Pineau-Weber', 1, 2),
(366, '0689442383', 'charles.dumas@mail.com', '0270651823', 'Charles Dumas', 5, 2),
(367, '0696276109', 'genevieve.blin@mail.com', '0447887426', 'Genevieve Blin', 5, 3),
(368, '0617304132', 'suzanne.pascal@mail.com', '0413460880', 'Suzanne Pascal', 1, 3),
(369, '0619149111', 'chantal.klein@mail.com', '0380158846', 'Chantal Klein', 5, 4),
(370, '0699859953', 'paul.georges@mail.com', '0315581387', 'Paul Georges', 5, 4),
(371, '0622399055', 'constance.du-barre@mail.com', '0439590118', 'Constance du Barre', 5, 3),
(372, '0625804084', 'christine-josette.dumont@mail.com', '0468548577', 'Christine-Josette Dumont', 1, 5),
(373, '0664554294', 'marthe.le-seguin@mail.com', '0447626253', 'Marthe Le Seguin', 1, 5),
(374, '0657189227', 'aurore.le-benoit@mail.com', '0494513912', 'Aurore Le Benoit', 4, 3),
(375, '0661296891', 'edith.navarro@mail.com', '0185359971', 'Edith Navarro', 3, 1),
(376, '0665223492', 'nathalie.lejeune@mail.com', '0258188540', 'Nathalie Lejeune', 1, 2),
(377, '0617889721', 'adrienne.gaillard-du-blanc@mail.com', '0274674595', 'Adrienne Gaillard du Blanc', 1, 2),
(378, '0658817505', 'celina.jean-blot@mail.com', '0479315519', 'Celina Jean-Blot', 5, 5),
(379, '0671153474', 'remy.traore-peron@mail.com', '0421774998', 'Remy Traore-Peron', 1, 3),
(380, '0650172854', 'chantal.lejeune@mail.com', '0494101131', 'Chantal Lejeune', 4, 5),
(381, '0616279612', 'michelle.philippe@mail.com', '0318860760', 'Michelle Philippe', 5, 4),
(382, '0682352875', 'tristan.pelletier@mail.com', '0135580889', 'Tristan Pelletier', 3, 1),
(383, '0652223687', 'susanne.de-vasseur@mail.com', '0176724711', 'Susanne de Vasseur', 2, 1),
(384, '0636142415', 'bertrand.julien@mail.com', '0353923353', 'Bertrand Julien', 4, 4),
(385, '0639602890', 'matthieu.thomas@mail.com', '0435563874', 'Matthieu Thomas', 4, 3),
(386, '0690010617', 'elodie.antoine-du-bertin@mail.com', '0367246605', 'Elodie Antoine du Bertin', 4, 4),
(387, '0649284174', 'agnes.roussel@mail.com', '0246400495', 'Agnes Roussel', 5, 2),
(388, '0647300655', 'stephane.petit@mail.com', '0215142293', 'Stephane Petit', 5, 2),
(389, '0692649230', 'henriette.ramos@mail.com', '0450825923', 'Henriette Ramos', 1, 3),
(390, '0673935203', 'michelle.chauveau@mail.com', '0322740996', 'Michelle Chauveau', 1, 4),
(391, '0690919077', 'arthur-william.normand@mail.com', '0248595617', 'Arthur-William Normand', 1, 2),
(392, '0668591340', 'elodie.chretien@mail.com', '0477719974', 'Elodie Chretien', 5, 5),
(393, '0647549705', 'susanne-anne.gay@mail.com', '0185835491', 'Susanne-Anne Gay', 3, 1),
(394, '0622252316', 'nicole.gros-simon@mail.com', '0485748802', 'Nicole Gros-Simon', 1, 5),
(395, '0614002539', 'marine.de-la-boulay@mail.com', '0114524523', 'Marine de la Boulay', 2, 1),
(396, '0611831389', 'oceane.boyer@mail.com', '0210897779', 'Oceane Boyer', 5, 2),
(397, '0685353568', 'susanne.torres@mail.com', '0357255501', 'Susanne Torres', 5, 4),
(398, '0620364269', 'franck.leveque@mail.com', '0425436888', 'Franck Leveque', 4, 3),
(399, '0698309581', 'roland.maillot@mail.com', '0440912254', 'Roland Maillot', 4, 3),
(400, '0679021648', 'constance-zoe.mace@mail.com', '0426784357', 'Constance-Zoe Mace', 1, 3),
(401, '0692062492', 'arthur.moulin-gay@mail.com', '0417095114', 'Arthur Moulin-Gay', 4, 3),
(402, '0693359534', 'nathalie.laroche@mail.com', '0124598841', 'Nathalie Laroche', 2, 1),
(403, '0639774776', 'michele.le-goff@mail.com', '0177318959', 'Michele Le Goff', 3, 1),
(404, '0682600337', 'aurelie.perrot-du-launay@mail.com', '0245762780', 'Aurelie Perrot du Launay', 5, 2),
(405, '0621886126', 'philippine.launay@mail.com', '0328790817', 'Philippine Launay', 5, 4),
(406, '0629519886', 'gerard.peron@mail.com', '0291205195', 'Gerard Peron', 5, 2),
(407, '0652007211', 'anastasie.jean@mail.com', '0448204400', 'Anastasie Jean', 1, 5),
(408, '0622592394', 'pauline.poirier@mail.com', '0462928184', 'Pauline Poirier', 4, 3),
(409, '0666507557', 'luce-jeanne.muller@mail.com', '0489368072', 'Luce-Jeanne Muller', 1, 3),
(410, '0619855910', 'margot.barre@mail.com', '0457277333', 'Margot Barre', 4, 5),
(411, '0611410913', 'elisabeth.perrin@mail.com', '0463744419', 'Elisabeth Perrin', 4, 3),
(412, '0611067970', 'margaret.hernandez@mail.com', '0463829030', 'Margaret Hernandez', 1, 3),
(413, '0657920656', 'maryse.adam@mail.com', '0125250199', 'Maryse Adam', 6, 1),
(414, '0691076423', 'suzanne.coulon@mail.com', '0232743812', 'Suzanne Coulon', 4, 2),
(415, '0693121225', 'aime.de-schmitt@mail.com', '0272488561', 'Aime de Schmitt', 4, 2),
(416, '0669344285', 'eugene.evrard@mail.com', '0427305180', 'Eugene Evrard', 1, 5),
(417, '0678317509', 'christelle.baron@mail.com', '0237298150', 'Christelle Baron', 1, 2),
(418, '0638218640', 'manon-therese.garnier@mail.com', '0142836399', 'Manon-Therese Garnier', 1, 1),
(419, '0641966246', 'anouk.bertin@mail.com', '0470805316', 'Anouk Bertin', 1, 3),
(420, '0649828283', 'catherine.chretien-du-godard@mail.com', '0238346275', 'Catherine Chretien du Godard', 4, 2),
(421, '0664519625', 'pierre-eric.salmon@mail.com', '0490209110', 'Pierre-Eric Salmon', 4, 5),
(422, '0643815041', 'thibaut-bernard.devaux@mail.com', '0168852618', 'Thibaut-Bernard Devaux', 3, 1),
(423, '0626220063', 'victor.vincent@mail.com', '0420736438', 'Victor Vincent', 1, 3),
(424, '0632653964', 'diane.de-oliveira@mail.com', '0219010414', 'Diane De Oliveira', 1, 2),
(425, '0677087697', 'gilbert.pages@mail.com', '0252816541', 'Gilbert Pages', 5, 2),
(426, '0697159782', 'roland.bourgeois@mail.com', '0427115899', 'Roland Bourgeois', 4, 5),
(427, '0668450398', 'sebastien.lemonnier@mail.com', '0446541756', 'Sebastien Lemonnier', 1, 3),
(428, '0690917971', 'andre.marchand@mail.com', '0429225644', 'Andre Marchand', 1, 3),
(429, '0644561263', 'claire.collet@mail.com', '0452559738', 'Claire Collet', 5, 5),
(430, '0673269070', 'luc.cordier@mail.com', '0282105275', 'Luc Cordier', 4, 2),
(431, '0671609697', 'victoire.le-dos-santos@mail.com', '0115162678', 'Victoire Le Dos Santos', 2, 1),
(432, '0636574029', 'edouard.costa@mail.com', '0367698795', 'Edouard Costa', 1, 4),
(433, '0610041978', 'jerome.seguin@mail.com', '0365974684', 'Jerome Seguin', 5, 4),
(434, '0669931567', 'laurent.lejeune-du-louis@mail.com', '0349624681', 'Laurent Lejeune du Louis', 4, 4),
(435, '0620384059', 'philippine-martine.allard@mail.com', '0384301481', 'Philippine-Martine Allard', 1, 4),
(436, '0637582739', 'margot.cohen@mail.com', '0377491608', 'Margot Cohen', 1, 4),
(437, '0667715082', 'patrick.de-la-pasquier@mail.com', '0232157821', 'Patrick de la Pasquier', 5, 2),
(438, '0620027545', 'julien.guillou@mail.com', '0221210652', 'Julien Guillou', 4, 2),
(439, '0682432049', 'marcelle.barbe@mail.com', '0116945607', 'Marcelle Barbe', 3, 1),
(440, '0624433156', 'elisabeth.delattre@mail.com', '0167449217', 'Elisabeth Delattre', 3, 1),
(441, '0665184130', 'charles.barbe-bousquet@mail.com', '0260792570', 'Charles Barbe-Bousquet', 4, 2),
(442, '0661681924', 'roger.bazin@mail.com', '0292127961', 'Roger Bazin', 4, 2),
(443, '0658969446', 'jerome.leroux@mail.com', '0171813320', 'Jerome Leroux', 3, 1),
(444, '0632993829', 'hugues.maillard@mail.com', '0126754113', 'Hugues Maillard', 6, 1),
(445, '0699773785', 'henri.bazin@mail.com', '0224883450', 'Henri Bazin', 1, 2),
(446, '0672308646', 'franck-maurice.leconte@mail.com', '0238808414', 'Franck-Maurice Leconte', 4, 2),
(447, '0644057429', 'laurent.dubois@mail.com', '0222614227', 'Laurent Dubois', 4, 2),
(448, '0651969335', 'aimee.dumont@mail.com', '0276741979', 'Aimee Dumont', 4, 2),
(449, '0622223085', 'michele.antoine-le-huet@mail.com', '0284093420', 'Michele Antoine Le Huet', 5, 2),
(450, '0623902896', 'philippine.fabre@mail.com', '0177237422', 'Philippine Fabre', 3, 1),
(451, '0629481286', 'guillaume.dupont@mail.com', '0424446618', 'Guillaume Dupont', 5, 5),
(452, '0632311547', 'gilles.seguin@mail.com', '0412801771', 'Gilles Seguin', 1, 5),
(453, '0627889755', 'daniel-joseph.huet@mail.com', '0157260731', 'Daniel-Joseph Huet', 6, 1),
(454, '0688379830', 'margaux.blin@mail.com', '0169283427', 'Margaux Blin', 3, 1),
(455, '0622751090', 'claudine.launay-du-boutin@mail.com', '0429216446', 'Claudine Launay du Boutin', 1, 3),
(456, '0678683685', 'juliette.perrot@mail.com', '0268921502', 'Juliette Perrot', 1, 2),
(457, '0629539114', 'cecile.herve@mail.com', '0453776101', 'Cecile Herve', 5, 3),
(458, '0678575054', 'bernard.guyot@mail.com', '0491200100', 'Bernard Guyot', 4, 5),
(459, '0649276010', 'thibaut.dufour@mail.com', '0130747512', 'Thibaut Dufour', 2, 1),
(460, '0674910125', 'emile.blondel@mail.com', '0134152072', 'Emile Blondel', 1, 1),
(461, '0645462089', 'marcelle-jeanne.vidal@mail.com', '0358834113', 'Marcelle-Jeanne Vidal', 4, 4),
(462, '0681583389', 'gerard-georges.aubry@mail.com', '0438144561', 'Gerard-Georges Aubry', 4, 5),
(463, '0661644557', 'laure-mathilde.marechal@mail.com', '0311604116', 'Laure-Mathilde Marechal', 4, 4),
(464, '0665368233', 'celine.mathieu@mail.com', '0343241183', 'Celine Mathieu', 4, 4),
(465, '0630017268', 'auguste.gros-delmas@mail.com', '0313876665', 'Auguste Gros-Delmas', 5, 4),
(466, '0646926970', 'emmanuel.remy@mail.com', '0417993122', 'Emmanuel Remy', 1, 5),
(467, '0651062930', 'oceane.bourgeois-guilbert@mail.com', '0462936210', 'Oceane Bourgeois-Guilbert', 5, 3),
(468, '0668596512', 'denise.fabre@mail.com', '0399859020', 'Denise Fabre', 1, 4),
(469, '0690781553', 'henri.lebrun-le-martel@mail.com', '0138101462', 'Henri Lebrun Le Martel', 3, 1),
(470, '0671022392', 'luc-denis.pascal@mail.com', '0480359465', 'Luc-Denis Pascal', 4, 3),
(471, '0619570573', 'joseph.laporte@mail.com', '0257923060', 'Joseph Laporte', 1, 2),
(472, '0614874762', 'zacharie.lemaitre@mail.com', '0463936661', 'Zacharie Lemaitre', 4, 3),
(473, '0618309872', 'adelaide.le-antoine@mail.com', '0413294545', 'Adelaide Le Antoine', 4, 3),
(474, '0690883263', 'alphonse.brunel@mail.com', '0438829949', 'Alphonse Brunel', 1, 3),
(475, '0653638120', 'marianne-nicole.fontaine@mail.com', '0458691420', 'Marianne-Nicole Fontaine', 5, 5),
(476, '0611488542', 'roland.gauthier-duval@mail.com', '0110364541', 'Roland Gauthier-Duval', 1, 1),
(477, '0665817544', 'aurore.schneider-du-da-silva@mail.com', '0137209627', 'Aurore Schneider du Da Silva', 2, 1),
(478, '0619916432', 'victoire.lebrun@mail.com', '0413816316', 'Victoire Lebrun', 4, 5),
(479, '0630076339', 'aime.maillot@mail.com', '0290944830', 'Aime Maillot', 5, 2),
(480, '0666634464', 'agnes.colas@mail.com', '0336231325', 'Agnes Colas', 1, 4),
(481, '0684081026', 'theophile.joseph@mail.com', '0235356475', 'Theophile Joseph', 4, 2),
(482, '0652625661', 'alexandre.le-allard@mail.com', '0420184091', 'Alexandre Le Allard', 5, 5),
(483, '0690462180', 'jeanne.petitjean-du-blot@mail.com', '0190340150', 'Jeanne Petitjean du Blot', 6, 1),
(484, '0626749032', 'genevieve.du-legrand@mail.com', '0374243244', 'Genevieve du Legrand', 1, 4),
(485, '0687987399', 'laurence.chartier@mail.com', '0463914848', 'Laurence Chartier', 1, 5),
(486, '0656767799', 'pierre.le-wagner@mail.com', '0458326955', 'Pierre Le Wagner', 5, 5),
(487, '0630487118', 'oceane.cohen-de-la-martin@mail.com', '0450206150', 'Oceane Cohen de la Martin', 1, 5),
(488, '0643347890', 'theophile.le-nicolas@mail.com', '0460170443', 'Theophile Le Nicolas', 4, 3),
(489, '0619501502', 'alain-gregoire.huet@mail.com', '0452137206', 'Alain-Gregoire Huet', 1, 5),
(490, '0677369685', 'stephane-jerome.vallee@mail.com', '0494861685', 'Stephane-Jerome Vallee', 4, 3),
(491, '0655130631', 'hugues-gilbert.gregoire@mail.com', '0137265397', 'Hugues-Gilbert Gregoire', 2, 1),
(492, '0680853716', 'charlotte.coulon@mail.com', '0411161798', 'Charlotte Coulon', 1, 5),
(493, '0674504923', 'luc.duhamel@mail.com', '0482448880', 'Luc Duhamel', 5, 5),
(494, '0619118534', 'marcel.guichard@mail.com', '0131705328', 'Marcel Guichard', 3, 1),
(495, '0662622826', 'charles.bourgeois@mail.com', '0323972846', 'Charles Bourgeois', 1, 4),
(496, '0635177384', 'thierry.buisson@mail.com', '0420151045', 'Thierry Buisson', 4, 3),
(497, '0652180219', 'emmanuel.rey@mail.com', '0216179614', 'Emmanuel Rey', 5, 2),
(498, '0660213815', 'gilles.besnard@mail.com', '0319082808', 'Gilles Besnard', 1, 4),
(499, '0679673322', 'jules.rocher@mail.com', '0269052221', 'Jules Rocher', 4, 2),
(500, '0631272256', 'margaux.giraud@mail.com', '0275383554', 'Margaux Giraud', 5, 2),
(501, '0699344063', 'claude.boulanger-le-delorme@mail.com', '0142112837', 'Claude Boulanger Le Delorme', 1, 1),
(502, '0664778380', 'theodore.lagarde@mail.com', '0159520813', 'Theodore Lagarde', 2, 1),
(503, '0647989535', 'elise.marchal@mail.com', '0429546553', 'Elise Marchal', 4, 5),
(504, '0610861555', 'charlotte.bourgeois-perrin@mail.com', '0374303087', 'Charlotte Bourgeois-Perrin', 4, 4),
(505, '0679995023', 'valentine.du-lecoq@mail.com', '0245723606', 'Valentine du Lecoq', 1, 2),
(506, '0676486176', 'diane.le-vasseur@mail.com', '0336026470', 'Diane Le Vasseur', 1, 4),
(507, '0625346593', 'emilie.legrand@mail.com', '0170725687', 'Emilie Legrand', 3, 1),
(508, '0655581496', 'timothee.denis-bruneau@mail.com', '0273142200', 'Timothee Denis-Bruneau', 4, 2),
(509, '0639164583', 'martin.vincent@mail.com', '0218545872', 'Martin Vincent', 1, 2),
(510, '0694100160', 'adelaide-michelle.sauvage@mail.com', '0211248135', 'Adelaide-Michelle Sauvage', 5, 2),
(511, '0661423869', 'susanne.le-berthelot@mail.com', '0283628071', 'Susanne Le Berthelot', 4, 2),
(512, '0642341349', 'anais.leroy@mail.com', '0236880464', 'Anais Leroy', 1, 2),
(513, '0613572857', 'astrid.bouchet@mail.com', '0194937363', 'Astrid Bouchet', 6, 1),
(514, '0676791786', 'marc.leclerc@mail.com', '0296348695', 'Marc Leclerc', 5, 2),
(515, '0673330533', 'patricia.garnier@mail.com', '0234621503', 'Patricia Garnier', 1, 2),
(516, '0688846243', 'philippe-thierry.renaud@mail.com', '0414751962', 'Philippe-Thierry Renaud', 1, 3),
(517, '0641733139', 'charles.evrard@mail.com', '0482144491', 'Charles Evrard', 1, 3),
(518, '0653960928', 'henriette.du-daniel@mail.com', '0416901753', 'Henriette du Daniel', 4, 5),
(519, '0667400939', 'marc.fournier-baron@mail.com', '0497504852', 'Marc Fournier-Baron', 5, 5),
(520, '0659603557', 'michelle.leger@mail.com', '0460295209', 'Michelle Leger', 5, 5),
(521, '0678204099', 'philippe.de-pruvost@mail.com', '0462987389', 'Philippe de Pruvost', 4, 3),
(522, '0680377687', 'etienne.fleury@mail.com', '0126007318', 'Etienne Fleury', 6, 1),
(523, '0684112995', 'nicole.roussel@mail.com', '0135803747', 'Nicole Roussel', 6, 1),
(524, '0658624234', 'jerome.perrin-de-foucher@mail.com', '0341204046', 'Jerome Perrin de Foucher', 1, 4),
(525, '0695872324', 'cecile.rousseau-peron@mail.com', '0211953265', 'Cecile Rousseau-Peron', 1, 2),
(526, '0649370686', 'william.petit@mail.com', '0327343449', 'William Petit', 4, 4),
(527, '0684577983', 'vincent.chauvet@mail.com', '0267052092', 'Vincent Chauvet', 5, 2),
(528, '0690805902', 'jacqueline.georges@mail.com', '0197179142', 'Jacqueline Georges', 1, 1),
(529, '0679590916', 'pierre-martin.guillon@mail.com', '0264950376', 'Pierre-Martin Guillon', 5, 2),
(530, '0646989586', 'emmanuelle.barthelemy-lambert@mail.com', '0199048478', 'Emmanuelle Barthelemy-Lambert', 2, 1),
(531, '0621720649', 'vincent.vidal@mail.com', '0276708756', 'Vincent Vidal', 5, 2),
(532, '0642570461', 'eleonore.herve-le-delahaye@mail.com', '0470573666', 'Eleonore Herve Le Delahaye', 4, 3),
(533, '0627063565', 'robert.berthelot-de-la-joseph@mail.com', '0481083772', 'Robert Berthelot de la Joseph', 4, 5),
(534, '0671188528', 'virginie.imbert@mail.com', '0183200851', 'Virginie Imbert', 2, 1),
(535, '0631043445', 'gabrielle.guyot@mail.com', '0458699970', 'Gabrielle Guyot', 5, 5),
(536, '0676815401', 'simone.gros@mail.com', '0412228181', 'Simone Gros', 4, 5),
(537, '0654032590', 'louise.maillet@mail.com', '0236852674', 'Louise Maillet', 4, 2),
(538, '0649284466', 'bertrand.laporte@mail.com', '0440166096', 'Bertrand Laporte', 4, 5),
(539, '0658749349', 'honore.delmas-joseph@mail.com', '0374416619', 'Honore Delmas-Joseph', 1, 4),
(540, '0628375544', 'camille.bertrand-renaud@mail.com', '0194733635', 'Camille Bertrand-Renaud', 6, 1),
(541, '0638055933', 'luc.merle@mail.com', '0183013407', 'Luc Merle', 2, 1),
(542, '0651445880', 'michele.arnaud@mail.com', '0449636058', 'Michele Arnaud', 1, 3),
(543, '0621892259', 'sylvie.jean@mail.com', '0462101139', 'Sylvie Jean', 1, 3),
(544, '0640080066', 'jeanne-elisabeth.georges@mail.com', '0440596679', 'Jeanne-Elisabeth Georges', 5, 5),
(545, '0695213969', 'manon.begue-de-besson@mail.com', '0497333396', 'Manon Begue de Besson', 1, 5),
(546, '0627972351', 'henri.renaud@mail.com', '0247017878', 'Henri Renaud', 5, 2),
(547, '0688116488', 'aimee.poirier@mail.com', '0295909921', 'Aimee Poirier', 1, 2),
(548, '0637095223', 'mathilde.royer@mail.com', '0376477971', 'Mathilde Royer', 1, 4),
(549, '0643300560', 'roland.lopes@mail.com', '0431259322', 'Roland Lopes', 4, 3),
(550, '0643833942', 'paulette.roy@mail.com', '0362936669', 'Paulette Roy', 1, 4),
(551, '0660101131', 'clemence.tanguy-du-hoareau@mail.com', '0280615498', 'Clemence Tanguy du Hoareau', 4, 2),
(552, '0677673982', 'bernadette.masse-de-turpin@mail.com', '0269946732', 'Bernadette Masse de Turpin', 4, 2);
INSERT INTO `employee` (`id`, `cellphone`, `email`, `landline`, `name`, `department_id`, `site_id`) VALUES
(553, '0610954340', 'jerome.leclercq@mail.com', '0432445385', 'Jerome Leclercq', 4, 3),
(554, '0623404810', 'auguste.leclerc@mail.com', '0445149107', 'Auguste Leclerc', 5, 3),
(555, '0697728718', 'sylvie.begue@mail.com', '0337160329', 'Sylvie Begue', 1, 4),
(556, '0613176392', 'david.letellier@mail.com', '0265958507', 'David Letellier', 1, 2),
(557, '0683024459', 'raymond.dupuis@mail.com', '0328943365', 'Raymond Dupuis', 4, 4),
(558, '0652832869', 'agnes.maillet@mail.com', '0230138673', 'Agnes Maillet', 1, 2),
(559, '0678316986', 'arthur.renard-didier@mail.com', '0418347849', 'Arthur Renard-Didier', 1, 3),
(560, '0635419355', 'sophie.vallet@mail.com', '0244648324', 'Sophie Vallet', 4, 2),
(561, '0673481953', 'frederique.dumas@mail.com', '0465859558', 'Frederique Dumas', 5, 3),
(562, '0646495858', 'margaux.salmon@mail.com', '0298392965', 'Margaux Salmon', 5, 2),
(563, '0620452762', 'anne.chevalier@mail.com', '0143365876', 'Anne Chevalier', 3, 1),
(564, '0628025040', 'maurice.de-sousa@mail.com', '0133305399', 'Maurice De Sousa', 3, 1),
(565, '0621309679', 'emilie.lefort-gros@mail.com', '0341904991', 'Emilie Lefort-Gros', 1, 4),
(566, '0641258028', 'marcelle-margot.bigot@mail.com', '0223411415', 'Marcelle-Margot Bigot', 4, 2),
(567, '0646516116', 'eugene.de-laroche@mail.com', '0111472749', 'Eugene de Laroche', 3, 1),
(568, '0660305163', 'thibaut.bertin@mail.com', '0395209285', 'Thibaut Bertin', 5, 4),
(569, '0698386081', 'benoit.michaud@mail.com', '0414417469', 'Benoit Michaud', 4, 5),
(570, '0663685392', 'andre.lucas@mail.com', '0465383221', 'Andre Lucas', 4, 3),
(571, '0668838135', 'julie.de-pascal@mail.com', '0473350407', 'Julie de Pascal', 1, 5),
(572, '0674648585', 'hugues.chevallier-de-cohen@mail.com', '0293854687', 'Hugues Chevallier de Cohen', 1, 2),
(573, '0614452297', 'guillaume.merle@mail.com', '0295519136', 'Guillaume Merle', 5, 2),
(574, '0690654141', 'manon.ruiz@mail.com', '0181139446', 'Manon Ruiz', 2, 1),
(575, '0639345040', 'sylvie.dijoux@mail.com', '0190739519', 'Sylvie Dijoux', 6, 1),
(576, '0618361192', 'patrick.lambert-hardy@mail.com', '0160032361', 'Patrick Lambert-Hardy', 6, 1),
(577, '0628031599', 'marthe.albert@mail.com', '0279799866', 'Marthe Albert', 5, 2),
(578, '0694415671', 'louis.valentin-dias@mail.com', '0146737557', 'Louis Valentin-Dias', 6, 1),
(579, '0672856971', 'madeleine.mallet@mail.com', '0493077457', 'Madeleine Mallet', 4, 5),
(580, '0681710554', 'tristan.herve@mail.com', '0357953232', 'Tristan Herve', 4, 4),
(581, '0688284575', 'robert.jacques@mail.com', '0452465679', 'Robert Jacques', 5, 5),
(582, '0620320604', 'colette-francoise.hamon@mail.com', '0481170765', 'Colette-Francoise Hamon', 5, 5),
(583, '0618948333', 'mathilde.valette@mail.com', '0132779914', 'Mathilde Valette', 1, 1),
(584, '0677982783', 'augustin.seguin@mail.com', '0111095761', 'Augustin Seguin', 3, 1),
(585, '0670600234', 'jean.ferreira-de-la-fournier@mail.com', '0185134285', 'Jean Ferreira de la Fournier', 3, 1),
(586, '0685871229', 'xavier.robert@mail.com', '0383320295', 'Xavier Robert', 5, 4),
(587, '0690316568', 'raymond.wagner@mail.com', '0392764028', 'Raymond Wagner', 1, 4),
(588, '0668328331', 'gabrielle.roche@mail.com', '0269613454', 'Gabrielle Roche', 5, 2),
(589, '0631369319', 'alfred-martin.camus@mail.com', '0317095247', 'Alfred-Martin Camus', 5, 4),
(590, '0668165476', 'laurence.lacroix@mail.com', '0361105553', 'Laurence Lacroix', 4, 4),
(591, '0661455763', 'danielle.fernandes-baron@mail.com', '0334226212', 'Danielle Fernandes-Baron', 1, 4),
(592, '0635206389', 'suzanne.benoit@mail.com', '0130415007', 'Suzanne Benoit', 1, 1),
(593, '0681222381', 'anastasie.le-pasquier@mail.com', '0186463426', 'Anastasie Le Pasquier', 6, 1),
(594, '0686771119', 'isaac.merle-de-lefebvre@mail.com', '0188459636', 'Isaac Merle de Lefebvre', 6, 1),
(595, '0674018976', 'maggie-laure.rodriguez@mail.com', '0468113090', 'Maggie-Laure Rodriguez', 5, 3),
(596, '0699728277', 'remy.denis-pelletier@mail.com', '0328587440', 'Remy Denis-Pelletier', 4, 4),
(597, '0615549147', 'jean.de-la-colas@mail.com', '0199618512', 'Jean de la Colas', 2, 1),
(598, '0642016886', 'nathalie-michelle.gautier@mail.com', '0365411970', 'Nathalie-Michelle Gautier', 5, 4),
(599, '0665162578', 'antoine.begue@mail.com', '0416921824', 'Antoine Begue', 4, 5),
(600, '0611366659', 'olivier.bertrand@mail.com', '0175451806', 'Olivier Bertrand', 1, 1),
(601, '0670623284', 'maurice.dufour-herve@mail.com', '0169445560', 'Maurice Dufour-Herve', 2, 1),
(602, '0649751784', 'isaac-adrien.leger@mail.com', '0455252836', 'Isaac-Adrien Leger', 5, 5),
(603, '0651104564', 'victor.roche@mail.com', '0435772854', 'Victor Roche', 4, 5),
(604, '0634474941', 'sebastien.richard@mail.com', '0497814973', 'Sebastien Richard', 4, 5),
(605, '0636188900', 'timothee.colin@mail.com', '0465228118', 'Timothee Colin', 1, 3),
(606, '0641790323', 'renee.fleury@mail.com', '0476435183', 'Renee Fleury', 5, 5),
(607, '0644271844', 'marie.laroche@mail.com', '0242940343', 'Marie Laroche', 4, 2),
(608, '0635614229', 'dorothee.hebert@mail.com', '0330682282', 'Dorothee Hebert', 5, 4),
(609, '0668689418', 'celina.texier@mail.com', '0237657815', 'Celina Texier', 1, 2),
(610, '0612172109', 'leon-zacharie.colin@mail.com', '0295865905', 'Leon-Zacharie Colin', 1, 2),
(611, '0638091386', 'margaud.de-guyot@mail.com', '0233934169', 'Margaud de Guyot', 4, 2),
(612, '0679415560', 'anne.cohen@mail.com', '0293275990', 'Anne Cohen', 1, 2),
(613, '0678033240', 'alexandrie.valette@mail.com', '0268520821', 'Alexandrie Valette', 4, 2),
(614, '0678662987', 'francoise.clerc@mail.com', '0233108826', 'Francoise Clerc', 1, 2),
(615, '0614829491', 'julie.foucher@mail.com', '0216372869', 'Julie Foucher', 4, 2),
(616, '0655285873', 'thierry.leveque@mail.com', '0349398710', 'Thierry Leveque', 5, 4),
(617, '0653486968', 'alphonse-emmanuel.salmon@mail.com', '0434346604', 'Alphonse-Emmanuel Salmon', 1, 5),
(618, '0653216543', 'philippe.gilles-da-silva@mail.com', '0488755452', 'Philippe Gilles-Da Silva', 5, 5),
(619, '0687785945', 'yves.rousset@mail.com', '0118883247', 'Yves Rousset', 2, 1),
(620, '0689859015', 'philippe-stephane.mace@mail.com', '0412030609', 'Philippe-Stephane Mace', 4, 5),
(621, '0631674338', 'victor.de-la-remy@mail.com', '0324663209', 'Victor de la Remy', 5, 4),
(622, '0679368884', 'eric-thomas.maury@mail.com', '0195653708', 'Eric-Thomas Maury', 1, 1),
(623, '0640604330', 'celine.peltier@mail.com', '0246658526', 'Celine Peltier', 1, 2),
(624, '0611316044', 'charlotte.lebreton@mail.com', '0477449170', 'Charlotte Lebreton', 4, 5),
(625, '0691103562', 'maurice-henri.raynaud@mail.com', '0350266835', 'Maurice-Henri Raynaud', 1, 4),
(626, '0614885792', 'bernard.pichon@mail.com', '0475837103', 'Bernard Pichon', 5, 3),
(627, '0642520882', 'rene.daniel@mail.com', '0431282890', 'Rene Daniel', 1, 3),
(628, '0625255755', 'charlotte.chretien-du-mary@mail.com', '0445963008', 'Charlotte Chretien du Mary', 1, 5),
(629, '0675271759', 'philippine-suzanne.blondel@mail.com', '0355075396', 'Philippine-Suzanne Blondel', 4, 4),
(630, '0675050327', 'thibaut.cousin@mail.com', '0137899515', 'Thibaut Cousin', 1, 1),
(631, '0621959126', 'margaud.hoarau@mail.com', '0240539969', 'Margaud Hoarau', 5, 2),
(632, '0655404489', 'antoine.pinto@mail.com', '0430747230', 'Antoine Pinto', 5, 5),
(633, '0686458165', 'victor.martin@mail.com', '0496249422', 'Victor Martin', 4, 5),
(634, '0610157724', 'stephanie.philippe@mail.com', '0197567075', 'Stephanie Philippe', 2, 1),
(635, '0639406438', 'raymond.brunel@mail.com', '0114912323', 'Raymond Brunel', 2, 1),
(636, '0613500026', 'roland-olivier.dos-santos@mail.com', '0466772967', 'Roland-Olivier Dos Santos', 1, 5),
(637, '0669660613', 'antoinette.gregoire@mail.com', '0161859064', 'Antoinette Gregoire', 3, 1),
(638, '0679850812', 'claude.laine-du-pasquier@mail.com', '0218730377', 'Claude Laine du Pasquier', 5, 2),
(639, '0610396622', 'julie.bourgeois@mail.com', '0178054782', 'Julie Bourgeois', 6, 1),
(640, '0688044961', 'andre-thierry.lebrun@mail.com', '0380994999', 'Andre-Thierry Lebrun', 5, 4),
(641, '0698754357', 'laure.loiseau@mail.com', '0432331614', 'Laure Loiseau', 4, 5),
(642, '0651715222', 'christine-alexandria.olivier@mail.com', '0374910443', 'Christine-Alexandria Olivier', 4, 4),
(643, '0672874343', 'catherine.bertin@mail.com', '0199076805', 'Catherine Bertin', 3, 1),
(644, '0621919773', 'adrien-jacques.sauvage@mail.com', '0429161938', 'Adrien-Jacques Sauvage', 4, 5),
(645, '0644566475', 'emile.paris-de-bertin@mail.com', '0164989967', 'Emile Paris de Bertin', 1, 1),
(646, '0627483885', 'jules.gregoire@mail.com', '0340676146', 'Jules Gregoire', 5, 4),
(647, '0651750878', 'alphonse.francois@mail.com', '0472650157', 'Alphonse Francois', 4, 3),
(648, '0619836399', 'arthur-rene.breton@mail.com', '0446358089', 'Arthur-Rene Breton', 5, 3),
(649, '0613564593', 'christine.duval@mail.com', '0431026936', 'Christine Duval', 5, 3),
(650, '0616223557', 'ines.vasseur@mail.com', '0314081645', 'Ines Vasseur', 5, 4),
(651, '0640688286', 'jeannine.du-morvan@mail.com', '0171100967', 'Jeannine du Morvan', 6, 1),
(652, '0682767650', 'clemence.de-ferreira@mail.com', '0449785002', 'Clemence de Ferreira', 1, 3),
(653, '0651383584', 'constance.marques@mail.com', '0357278969', 'Constance Marques', 5, 4),
(654, '0634801754', 'guillaume.dupre@mail.com', '0370500154', 'Guillaume Dupre', 1, 4),
(655, '0676145145', 'frederic.launay-petit@mail.com', '0322438471', 'Frederic Launay-Petit', 4, 4),
(656, '0688098590', 'michelle.clement@mail.com', '0233815647', 'Michelle Clement', 1, 2),
(657, '0625066624', 'stephanie.de-gillet@mail.com', '0498716386', 'Stephanie de Gillet', 1, 3),
(658, '0686199268', 'louis.hoareau@mail.com', '0390681920', 'Louis Hoareau', 4, 4),
(659, '0614974354', 'patricia.lesage-de-la-techer@mail.com', '0222483094', 'Patricia Lesage de la Techer', 4, 2),
(660, '0640762976', 'remy.fournier@mail.com', '0478045094', 'Remy Fournier', 1, 5),
(661, '0638951744', 'dominique.merle@mail.com', '0332519024', 'Dominique Merle', 1, 4),
(662, '0656922753', 'alain.regnier-le-goncalves@mail.com', '0430356867', 'Alain Regnier Le Goncalves', 1, 3),
(663, '0665031779', 'michelle-isabelle.michel@mail.com', '0432617173', 'Michelle-Isabelle Michel', 4, 3),
(664, '0691020157', 'edouard.peltier@mail.com', '0422599674', 'Edouard Peltier', 4, 5),
(665, '0614573277', 'gabriel.joseph-allain@mail.com', '0122473105', 'Gabriel Joseph-Allain', 3, 1),
(666, '0669073660', 'thibault.morvan-lagarde@mail.com', '0180330761', 'Thibault Morvan-Lagarde', 3, 1),
(667, '0612375574', 'maggie.de-la-huet@mail.com', '0434004468', 'Maggie de la Huet', 1, 5),
(668, '0649209757', 'emmanuel.blot@mail.com', '0412825880', 'Emmanuel Blot', 4, 5),
(669, '0675724359', 'stephanie.perez@mail.com', '0294533429', 'Stephanie Perez', 1, 2),
(670, '0687176893', 'genevieve.pires@mail.com', '0293045646', 'Genevieve Pires', 5, 2),
(671, '0659177143', 'maurice.andre-marty@mail.com', '0164442877', 'Maurice Andre-Marty', 3, 1),
(672, '0686201696', 'elodie.de-rousseau@mail.com', '0475073762', 'Elodie de Rousseau', 5, 5),
(673, '0670672761', 'renee.reynaud@mail.com', '0212607872', 'Renee Reynaud', 1, 2),
(674, '0637259532', 'sebastien.bouvet-de-la-paul@mail.com', '0474039734', 'Sebastien Bouvet de la Paul', 1, 3),
(675, '0664693374', 'andree.valentin@mail.com', '0259520665', 'Andree Valentin', 4, 2),
(676, '0629427778', 'michelle.ledoux@mail.com', '0161478388', 'Michelle Ledoux', 6, 1),
(677, '0661399187', 'nathalie.vasseur-de-la-legrand@mail.com', '0219068474', 'Nathalie Vasseur de la Legrand', 1, 2),
(678, '0665033951', 'hugues.baudry@mail.com', '0463908342', 'Hugues Baudry', 5, 3),
(679, '0616527995', 'marthe.guillaume@mail.com', '0462016276', 'Marthe Guillaume', 4, 5),
(680, '0698856998', 'william.le-ribeiro@mail.com', '0344756526', 'William Le Ribeiro', 5, 4),
(681, '0651425197', 'cecile.picard-torres@mail.com', '0249372760', 'Cecile Picard-Torres', 4, 2),
(682, '0635075170', 'eleonore-margaud.blanchard@mail.com', '0369225826', 'Eleonore-Margaud Blanchard', 4, 4),
(683, '0665413986', 'arthur.joly-le-lenoir@mail.com', '0291817836', 'Arthur Joly Le Lenoir', 5, 2),
(684, '0685511247', 'madeleine.nicolas@mail.com', '0354531115', 'Madeleine Nicolas', 4, 4),
(685, '0624715473', 'jacqueline.rocher@mail.com', '0121296383', 'Jacqueline Rocher', 1, 1),
(686, '0646758070', 'noemi-sabine.fleury@mail.com', '0426421503', 'Noemi-Sabine Fleury', 4, 3),
(687, '0622780832', 'bernard.maury@mail.com', '0124859234', 'Bernard Maury', 1, 1),
(688, '0644663206', 'gregoire.begue@mail.com', '0418951079', 'Gregoire Begue', 1, 3),
(689, '0649752394', 'olivie.denis@mail.com', '0457863201', 'Olivie Denis', 1, 5),
(690, '0647757696', 'nicolas.denis-de-rolland@mail.com', '0333625698', 'Nicolas Denis de Rolland', 1, 4),
(691, '0679287002', 'joseph.hamel@mail.com', '0473230075', 'Joseph Hamel', 5, 3),
(692, '0653582609', 'denise.rousseau@mail.com', '0345263622', 'Denise Rousseau', 4, 4),
(693, '0658570265', 'denise.ferreira@mail.com', '0445357504', 'Denise Ferreira', 4, 3),
(694, '0689385507', 'paulette-veronique.gauthier@mail.com', '0181253933', 'Paulette-Veronique Gauthier', 2, 1),
(695, '0619732039', 'adelaide.blondel-bonneau@mail.com', '0150228512', 'Adelaide Blondel-Bonneau', 6, 1),
(696, '0619174053', 'andre.besson@mail.com', '0311394571', 'Andre Besson', 4, 4),
(697, '0683165234', 'adrienne.samson@mail.com', '0398383795', 'Adrienne Samson', 4, 4),
(698, '0674814643', 'thierry.humbert@mail.com', '0294479911', 'Thierry Humbert', 5, 2),
(699, '0660179044', 'nicole.morvan-grondin@mail.com', '0477049029', 'Nicole Morvan-Grondin', 5, 3),
(700, '0667683166', 'arnaude.nicolas@mail.com', '0435871434', 'Arnaude Nicolas', 5, 5),
(701, '0678131619', 'emmanuel.du-diaz@mail.com', '0292574129', 'Emmanuel du Diaz', 5, 2),
(702, '0650393796', 'margaux.chauvet-vallee@mail.com', '0255318123', 'Margaux Chauvet-Vallee', 1, 2),
(703, '0641577692', 'christine.navarro-albert@mail.com', '0447018724', 'Christine Navarro-Albert', 5, 5),
(704, '0686630711', 'andree.turpin@mail.com', '0149283053', 'Andree Turpin', 2, 1),
(705, '0659662111', 'michel.simon@mail.com', '0435804596', 'Michel Simon', 1, 5),
(706, '0614866514', 'laurent.mendes@mail.com', '0115922308', 'Laurent Mendes', 2, 1),
(707, '0632633949', 'aimee.lefevre@mail.com', '0231652761', 'Aimee Lefevre', 4, 2),
(708, '0633050783', 'agnes.lombard@mail.com', '0443774911', 'Agnes Lombard', 1, 5),
(709, '0670356608', 'audrey.bernard@mail.com', '0463853035', 'Audrey Bernard', 1, 5),
(710, '0625621579', 'edith.alexandre@mail.com', '0471941742', 'Edith Alexandre', 4, 5),
(711, '0675209823', 'joseph.gregoire@mail.com', '0338623461', 'Joseph Gregoire', 4, 4),
(712, '0666234884', 'francoise.lambert@mail.com', '0425368192', 'Francoise Lambert', 5, 5),
(713, '0673663926', 'alex.de-bazin@mail.com', '0492311791', 'Alex de Bazin', 5, 3),
(714, '0651660390', 'edith.garnier@mail.com', '0423098297', 'Edith Garnier', 5, 3),
(715, '0692521992', 'laure.diaz@mail.com', '0294914649', 'Laure Diaz', 4, 2),
(716, '0682449908', 'adrien.baron@mail.com', '0228109652', 'Adrien Baron', 5, 2),
(717, '0636072207', 'susan.laine-julien@mail.com', '0196497925', 'Susan Laine-Julien', 2, 1),
(718, '0673504519', 'thibaut.colin-de-raynaud@mail.com', '0144171580', 'Thibaut Colin de Raynaud', 6, 1),
(719, '0687200838', 'gerard.de-weiss@mail.com', '0386391321', 'Gerard de Weiss', 4, 4),
(720, '0654672236', 'jean.blanchard-rodriguez@mail.com', '0211988747', 'Jean Blanchard-Rodriguez', 4, 2),
(721, '0694496498', 'pauline.chartier@mail.com', '0447550007', 'Pauline Chartier', 5, 3),
(722, '0645062287', 'andre.dupuis@mail.com', '0367341357', 'Andre Dupuis', 4, 4),
(723, '0645566840', 'valerie.vincent@mail.com', '0293627410', 'Valerie Vincent', 5, 2),
(724, '0634191527', 'colette.guillet@mail.com', '0230956703', 'Colette Guillet', 5, 2),
(725, '0623339439', 'laurent-theodore.lesage@mail.com', '0224087580', 'Laurent-Theodore Lesage', 1, 2),
(726, '0631957176', 'louis.garcia@mail.com', '0297083558', 'Louis Garcia', 4, 2),
(727, '0628878759', 'nath.du-masson@mail.com', '0433544871', 'Nath du Masson', 4, 3),
(728, '0673142688', 'joseph.lefebvre@mail.com', '0231643840', 'Joseph Lefebvre', 5, 2),
(729, '0659432442', 'helene-mathilde.tanguy@mail.com', '0134873420', 'Helene-Mathilde Tanguy', 3, 1),
(730, '0635661105', 'louise.munoz-de-lesage@mail.com', '0369124709', 'Louise Munoz de Lesage', 4, 4),
(731, '0688051082', 'emmanuel.goncalves-de-la-renard@mail.com', '0170373900', 'Emmanuel Goncalves de la Renard', 3, 1),
(732, '0685821768', 'arthur.masse-bailly@mail.com', '0251549554', 'Arthur Masse-Bailly', 5, 2),
(733, '0622063929', 'pierre.muller@mail.com', '0221805968', 'Pierre Muller', 1, 2),
(734, '0632208420', 'emilie.evrard@mail.com', '0389546876', 'Emilie Evrard', 1, 4),
(735, '0683408151', 'theophile.blin@mail.com', '0337928746', 'Theophile Blin', 1, 4),
(736, '0661663382', 'maryse.gros@mail.com', '0498121937', 'Maryse Gros', 1, 5),
(737, '0633115257', 'jeannine.martins@mail.com', '0494613712', 'Jeannine Martins', 1, 3),
(738, '0628870742', 'andre.du-gros@mail.com', '0298029428', 'Andre du Gros', 4, 2),
(739, '0632134872', 'chantal.le-brunet@mail.com', '0138388424', 'Chantal Le Brunet', 2, 1),
(740, '0637187180', 'eric.normand-wagner@mail.com', '0327870213', 'Eric Normand-Wagner', 1, 4),
(741, '0613229300', 'christophe.fischer@mail.com', '0153739200', 'Christophe Fischer', 3, 1),
(742, '0669682468', 'jean.leduc@mail.com', '0257653283', 'Jean Leduc', 5, 2),
(743, '0680008451', 'celine.martinez-legendre@mail.com', '0379920692', 'Celine Martinez-Legendre', 4, 4),
(744, '0611621050', 'alfred.de-sousa-de-la-faure@mail.com', '0211181728', 'Alfred De Sousa de la Faure', 1, 2),
(745, '0656342721', 'augustin.lacroix@mail.com', '0364923762', 'Augustin Lacroix', 5, 4),
(746, '0625279744', 'elisabeth.tessier@mail.com', '0127437931', 'Elisabeth Tessier', 2, 1),
(747, '0661637025', 'benjamin.gillet-du-rolland@mail.com', '0189358735', 'Benjamin Gillet du Rolland', 3, 1),
(748, '0671474941', 'noel.rey@mail.com', '0227016504', 'Noel Rey', 4, 2),
(749, '0695403320', 'gabriel.munoz@mail.com', '0336210556', 'Gabriel Munoz', 5, 4),
(750, '0674143997', 'nicolas.de-marechal@mail.com', '0384093216', 'Nicolas de Marechal', 4, 4),
(751, '0636489282', 'benoit.chartier@mail.com', '0465182041', 'Benoit Chartier', 5, 3),
(752, '0681586066', 'richard-augustin.boulanger@mail.com', '0245437889', 'Richard-Augustin Boulanger', 1, 2),
(753, '0659424763', 'stephanie.raynaud@mail.com', '0371180564', 'Stephanie Raynaud', 4, 4),
(754, '0693858260', 'remy.le-roger@mail.com', '0218506739', 'Remy Le Roger', 1, 2),
(755, '0651901937', 'remy.baron@mail.com', '0474538477', 'Remy Baron', 4, 3),
(756, '0645014259', 'pierre.lebreton@mail.com', '0244400009', 'Pierre Lebreton', 4, 2),
(757, '0634192095', 'bernard.loiseau@mail.com', '0462722785', 'Bernard Loiseau', 1, 5),
(758, '0633240073', 'arthur.ferrand-poulain@mail.com', '0367560565', 'Arthur Ferrand-Poulain', 4, 4),
(759, '0693277663', 'augustin.leduc@mail.com', '0376221326', 'Augustin Leduc', 4, 4),
(760, '0627675097', 'joseph.thierry-riviere@mail.com', '0114803113', 'Joseph Thierry-Riviere', 6, 1),
(761, '0680221412', 'hugues.moulin@mail.com', '0159840684', 'Hugues Moulin', 3, 1),
(762, '0693982564', 'henriette.delaunay@mail.com', '0227456988', 'Henriette Delaunay', 5, 2),
(763, '0699551708', 'suzanne.lefebvre@mail.com', '0133859444', 'Suzanne Lefebvre', 6, 1),
(764, '0621820540', 'bernard.le-fontaine@mail.com', '0393882966', 'Bernard Le Fontaine', 1, 4),
(765, '0671818146', 'margot.bouchet@mail.com', '0379023031', 'Margot Bouchet', 1, 4),
(766, '0676798794', 'francoise.lemoine@mail.com', '0461693794', 'Francoise Lemoine', 5, 5),
(767, '0682311351', 'antoine-leon.leleu@mail.com', '0358344486', 'Antoine-Leon Leleu', 1, 4),
(768, '0676355674', 'guy.jacquet-moreau@mail.com', '0441069627', 'Guy Jacquet-Moreau', 1, 5),
(769, '0691032772', 'alexandrie.bourdon@mail.com', '0389650890', 'Alexandrie Bourdon', 4, 4),
(770, '0631416123', 'david-aime.neveu@mail.com', '0251687140', 'David-Aime Neveu', 1, 2),
(771, '0671232658', 'corinne.normand@mail.com', '0115656684', 'Corinne Normand', 3, 1),
(772, '0650019287', 'julien.seguin@mail.com', '0236684600', 'Julien Seguin', 4, 2),
(773, '0632300887', 'adrien.maillet@mail.com', '0189150564', 'Adrien Maillet', 6, 1),
(774, '0654800951', 'jean-philippe.roy@mail.com', '0395882043', 'Jean-Philippe Roy', 4, 4),
(775, '0680808152', 'renee.pascal@mail.com', '0155600576', 'Renee Pascal', 6, 1),
(776, '0682380196', 'michelle.dupuy@mail.com', '0284483869', 'Michelle Dupuy', 5, 2),
(777, '0650475894', 'henri.gautier@mail.com', '0486132751', 'Henri Gautier', 5, 3),
(778, '0627373512', 'paul.samson@mail.com', '0461227355', 'Paul Samson', 4, 5),
(779, '0643839637', 'catherine.pages@mail.com', '0491991206', 'Catherine Pages', 5, 5),
(780, '0619878333', 'margaret.aubert-coulon@mail.com', '0432501450', 'Margaret Aubert-Coulon', 1, 5),
(781, '0649471050', 'louis.gosselin-du-pottier@mail.com', '0493348818', 'Louis Gosselin du Pottier', 5, 5),
(782, '0624207730', 'guillaume.marin@mail.com', '0484749536', 'Guillaume Marin', 5, 5),
(783, '0641658709', 'jeannine.herve@mail.com', '0389413402', 'Jeannine Herve', 1, 4),
(784, '0616058968', 'denis.garnier-de-vallet@mail.com', '0369117689', 'Denis Garnier de Vallet', 1, 4),
(785, '0691167226', 'alexandrie.lejeune@mail.com', '0161110119', 'Alexandrie Lejeune', 2, 1),
(786, '0667615280', 'anastasie.chauveau@mail.com', '0142344879', 'Anastasie Chauveau', 6, 1),
(787, '0686038738', 'eric.perrot@mail.com', '0494055412', 'Eric Perrot', 1, 3),
(788, '0639634026', 'adrien.barbe@mail.com', '0228024341', 'Adrien Barbe', 1, 2),
(789, '0631179798', 'thibault.pereira@mail.com', '0211493531', 'Thibault Pereira', 4, 2),
(790, '0617528381', 'tristan.baudry-mary@mail.com', '0411288628', 'Tristan Baudry-Mary', 1, 5),
(791, '0624328595', 'timothee.couturier@mail.com', '0338627571', 'Timothee Couturier', 1, 4),
(792, '0664327627', 'christine.potier@mail.com', '0371516353', 'Christine Potier', 4, 4),
(793, '0699995681', 'henriette.delmas-du-renault@mail.com', '0279735989', 'Henriette Delmas du Renault', 4, 2),
(794, '0613815914', 'tristan-zacharie.morin@mail.com', '0123131941', 'Tristan-Zacharie Morin', 6, 1),
(795, '0614601866', 'robert-andre.ramos@mail.com', '0159261355', 'Robert-Andre Ramos', 1, 1),
(796, '0676358940', 'michelle.loiseau@mail.com', '0429959865', 'Michelle Loiseau', 4, 5),
(797, '0634639597', 'jean.vallee@mail.com', '0463854578', 'Jean Vallee', 5, 5),
(798, '0644251058', 'louis.de-la-leleu@mail.com', '0271618074', 'Louis de la Leleu', 1, 2),
(799, '0630811974', 'constance.denis@mail.com', '0473121861', 'Constance Denis', 1, 3),
(800, '0623361941', 'claire.guilbert@mail.com', '0484565658', 'Claire Guilbert', 5, 3),
(801, '0634767285', 'vincent.de-la-marin@mail.com', '0462284962', 'Vincent de la Marin', 5, 3),
(802, '0650249947', 'susan.pinto@mail.com', '0461558293', 'Susan Pinto', 4, 5),
(803, '0629128922', 'bernard.laroche@mail.com', '0440103601', 'Bernard Laroche', 1, 3),
(804, '0657186332', 'guy.schmitt@mail.com', '0330522929', 'Guy Schmitt', 5, 4),
(805, '0660124593', 'alexandria.hebert@mail.com', '0392680915', 'Alexandria Hebert', 1, 4),
(806, '0690470385', 'martin.salmon@mail.com', '0377617582', 'Martin Salmon', 5, 4),
(807, '0611991683', 'noemi.fischer@mail.com', '0259077294', 'Noemi Fischer', 1, 2),
(808, '0646008987', 'michele.andre-raymond@mail.com', '0258488049', 'Michele Andre-Raymond', 5, 2),
(809, '0648545412', 'jules.blanchard@mail.com', '0480418424', 'Jules Blanchard', 5, 5),
(810, '0643625426', 'victor.meunier-charles@mail.com', '0269239101', 'Victor Meunier-Charles', 5, 2),
(811, '0637732530', 'etienne.rodriguez@mail.com', '0468963044', 'Etienne Rodriguez', 1, 5),
(812, '0667196924', 'catherine.chauvin@mail.com', '0234152789', 'Catherine Chauvin', 5, 2),
(813, '0693820585', 'roger.michaud@mail.com', '0389326368', 'Roger Michaud', 5, 4),
(814, '0695472393', 'louis.bernard-le-de-oliveira@mail.com', '0281001187', 'Louis Bernard Le De Oliveira', 1, 2),
(815, '0639459466', 'theodore.mercier@mail.com', '0139146884', 'Theodore Mercier', 1, 1),
(816, '0684295312', 'alexandre.ramos-le-martin@mail.com', '0439431170', 'Alexandre Ramos Le Martin', 1, 3),
(817, '0692598592', 'suzanne.pasquier-henry@mail.com', '0441992080', 'Suzanne Pasquier-Henry', 5, 5),
(818, '0625566050', 'timothee.bodin@mail.com', '0430024873', 'Timothee Bodin', 1, 3),
(819, '0650868351', 'richard.riou@mail.com', '0192879845', 'Richard Riou', 3, 1),
(820, '0614636850', 'thibault.pineau@mail.com', '0184392166', 'Thibault Pineau', 3, 1),
(821, '0636990346', 'emilie.roux@mail.com', '0455293214', 'Emilie Roux', 1, 5),
(822, '0617353827', 'christine.dufour@mail.com', '0427797296', 'Christine Dufour', 4, 5),
(823, '0640933816', 'bertrand.courtois@mail.com', '0496058047', 'Bertrand Courtois', 1, 5),
(824, '0639087563', 'julie.leleu@mail.com', '0490829306', 'Julie Leleu', 5, 5),
(825, '0693893709', 'nicolas-zacharie.collin@mail.com', '0475368508', 'Nicolas-Zacharie Collin', 4, 5),
(826, '0672829707', 'marcel.de-besnard@mail.com', '0225746781', 'Marcel de Besnard', 5, 2),
(827, '0616641965', 'olivie.guilbert@mail.com', '0358534355', 'Olivie Guilbert', 1, 4),
(828, '0653997006', 'thierry.peron@mail.com', '0431666922', 'Thierry Peron', 4, 3),
(829, '0656899875', 'arthur.le-schmitt@mail.com', '0410020203', 'Arthur Le Schmitt', 1, 3),
(830, '0656686914', 'denis.bouvier@mail.com', '0311463138', 'Denis Bouvier', 1, 4),
(831, '0627565781', 'isabelle.carpentier-de-la-labbe@mail.com', '0460713128', 'Isabelle Carpentier de la Labbe', 4, 5),
(832, '0669890557', 'roland.marechal@mail.com', '0348474175', 'Roland Marechal', 1, 4),
(833, '0659522950', 'philippe.le-bonneau@mail.com', '0465264025', 'Philippe Le Bonneau', 5, 3),
(834, '0677626197', 'lucas.chauvet@mail.com', '0161078374', 'Lucas Chauvet', 2, 1),
(835, '0650964904', 'emile.hardy@mail.com', '0416189066', 'Emile Hardy', 5, 3),
(836, '0652540415', 'olivier.gilles@mail.com', '0499379847', 'Olivier Gilles', 4, 3),
(837, '0698612735', 'susan.adam@mail.com', '0192291415', 'Susan Adam', 1, 1),
(838, '0623710608', 'alphonse.tanguy@mail.com', '0162189875', 'Alphonse Tanguy', 3, 1),
(839, '0670829406', 'denis.boucher@mail.com', '0284475515', 'Denis Boucher', 5, 2),
(840, '0637798388', 'francoise.leleu-leclercq@mail.com', '0420866658', 'Francoise Leleu-Leclercq', 1, 5),
(841, '0638211618', 'alfred.guerin@mail.com', '0419219099', 'Alfred Guerin', 5, 5),
(842, '0664784315', 'eugene.marchand@mail.com', '0498215222', 'Eugene Marchand', 5, 3),
(843, '0698302835', 'hugues.techer-du-marchal@mail.com', '0267277999', 'Hugues Techer du Marchal', 4, 2),
(844, '0662506138', 'jeannine-alexandria.jacquot@mail.com', '0195139189', 'Jeannine-Alexandria Jacquot', 2, 1),
(845, '0650495424', 'marine-laure.simon@mail.com', '0464770017', 'Marine-Laure Simon', 5, 5),
(846, '0676860622', 'patrick.pottier@mail.com', '0322445371', 'Patrick Pottier', 4, 4),
(847, '0699122943', 'theophile.huet@mail.com', '0431283162', 'Theophile Huet', 1, 3),
(848, '0641358751', 'lucie.paris-gros@mail.com', '0248089168', 'Lucie Paris-Gros', 1, 2),
(849, '0671504464', 'nathalie.bourdon@mail.com', '0180019039', 'Nathalie Bourdon', 3, 1),
(850, '0688378481', 'charles.blanc@mail.com', '0479920319', 'Charles Blanc', 1, 3),
(851, '0626805046', 'dominique.le-david@mail.com', '0479211400', 'Dominique Le David', 4, 5),
(852, '0691391823', 'xavier.du-pineau@mail.com', '0481684197', 'Xavier du Pineau', 1, 3),
(853, '0696735060', 'alphonse.langlois@mail.com', '0441908869', 'Alphonse Langlois', 5, 3),
(854, '0682464888', 'margaud.normand-dufour@mail.com', '0463315702', 'Margaud Normand-Dufour', 4, 5),
(855, '0624900718', 'nathalie.legros-de-dupre@mail.com', '0157803712', 'Nathalie Legros de Dupre', 6, 1),
(856, '0652835373', 'josette-laetitia.hebert@mail.com', '0459366234', 'Josette-Laetitia Hebert', 4, 5),
(857, '0634617697', 'adelaide.moreno@mail.com', '0228324100', 'Adelaide Moreno', 5, 2),
(858, '0686345326', 'zoe.moulin@mail.com', '0454301238', 'Zoe Moulin', 5, 5),
(859, '0669784600', 'colette.muller@mail.com', '0492196253', 'Colette Muller', 1, 3),
(860, '0635208533', 'bernard.perret@mail.com', '0195318193', 'Bernard Perret', 1, 1),
(861, '0691235954', 'louis.perrot@mail.com', '0458390325', 'Louis Perrot', 1, 3),
(862, '0691121064', 'noemi.valette@mail.com', '0249205796', 'Noemi Valette', 5, 2),
(863, '0692690158', 'francoise.peron@mail.com', '0474782566', 'Francoise Peron', 4, 3),
(864, '0656617797', 'helene.salmon-dupuis@mail.com', '0135028717', 'Helene Salmon-Dupuis', 6, 1),
(865, '0686783667', 'eugene.marion@mail.com', '0423098873', 'Eugene Marion', 5, 5),
(866, '0689773268', 'sylvie.voisin@mail.com', '0194616320', 'Sylvie Voisin', 6, 1),
(867, '0639580101', 'martine.ledoux@mail.com', '0426627651', 'Martine Ledoux', 1, 3),
(868, '0687647021', 'eric-marc.roy@mail.com', '0173855839', 'Eric-Marc Roy', 1, 1),
(869, '0619871539', 'guy.hardy@mail.com', '0161814609', 'Guy Hardy', 3, 1),
(870, '0692827254', 'marthe.chartier-etienne@mail.com', '0273148767', 'Marthe Chartier-Etienne', 5, 2),
(871, '0627309655', 'marcel.leroux-blanchet@mail.com', '0350309176', 'Marcel Leroux-Blanchet', 5, 4),
(872, '0648532560', 'gregoire.traore@mail.com', '0388111172', 'Gregoire Traore', 5, 4),
(873, '0641412249', 'marcel.gosselin@mail.com', '0381238689', 'Marcel Gosselin', 1, 4),
(874, '0672665506', 'renee.gonzalez@mail.com', '0168693507', 'Renee Gonzalez', 3, 1),
(875, '0630962660', 'julien.guerin@mail.com', '0161743640', 'Julien Guerin', 1, 1),
(876, '0642432101', 'louis.lemoine@mail.com', '0434848164', 'Louis Lemoine', 4, 3),
(877, '0646102435', 'sabine.du-germain@mail.com', '0445162284', 'Sabine du Germain', 1, 3),
(878, '0620107715', 'jacqueline.germain@mail.com', '0350838922', 'Jacqueline Germain', 4, 4),
(879, '0646839857', 'monique.guillaume-de-la-berthelot@mail.com', '0453474597', 'Monique Guillaume de la Berthelot', 4, 3),
(880, '0647017420', 'frederique.leclercq@mail.com', '0195429121', 'Frederique Leclercq', 2, 1),
(881, '0655412507', 'margaret-michelle.barbier@mail.com', '0326257004', 'Margaret-Michelle Barbier', 4, 4),
(882, '0624900161', 'yves.launay@mail.com', '0422153106', 'Yves Launay', 5, 5),
(883, '0658745082', 'christiane.guerin@mail.com', '0240015180', 'Christiane Guerin', 4, 2),
(884, '0634908574', 'marcelle.de-la-evrard@mail.com', '0450271724', 'Marcelle de la Evrard', 1, 3),
(885, '0611243595', 'denis.evrard-le-alexandre@mail.com', '0322760677', 'Denis Evrard Le Alexandre', 1, 4),
(886, '0657481994', 'mathilde.chauveau@mail.com', '0453422229', 'Mathilde Chauveau', 5, 3),
(887, '0626698457', 'tristan.ruiz@mail.com', '0121906120', 'Tristan Ruiz', 6, 1),
(888, '0671515498', 'audrey.thomas@mail.com', '0469328076', 'Audrey Thomas', 5, 3),
(889, '0662877994', 'marine.sauvage@mail.com', '0146326821', 'Marine Sauvage', 1, 1),
(890, '0644805569', 'alice.collet@mail.com', '0262429852', 'Alice Collet', 4, 2),
(891, '0655183462', 'mathilde.blin@mail.com', '0451752959', 'Mathilde Blin', 5, 3),
(892, '0662538074', 'brigitte.de-la-robert@mail.com', '0441981087', 'Brigitte de la Robert', 4, 5),
(893, '0624646715', 'marc-gilles.ruiz@mail.com', '0168567975', 'Marc-Gilles Ruiz', 6, 1),
(894, '0689933913', 'eric.bonneau-de-la-charrier@mail.com', '0415104110', 'Eric Bonneau de la Charrier', 5, 3),
(895, '0650257433', 'simone.raymond@mail.com', '0144043879', 'Simone Raymond', 6, 1),
(896, '0635265796', 'william.perez@mail.com', '0228402977', 'William Perez', 4, 2),
(897, '0669572505', 'frederic.faivre-foucher@mail.com', '0482244371', 'Frederic Faivre-Foucher', 5, 5),
(898, '0637917881', 'francois.cohen@mail.com', '0292383162', 'Francois Cohen', 5, 2),
(899, '0662072629', 'pierre.pinto@mail.com', '0449631572', 'Pierre Pinto', 1, 5),
(900, '0660962478', 'gregoire.mercier@mail.com', '0292080891', 'Gregoire Mercier', 4, 2),
(901, '0658625372', 'sebastien.joubert@mail.com', '0192002207', 'Sebastien Joubert', 6, 1),
(902, '0697937976', 'sabine.boulay-mace@mail.com', '0441940232', 'Sabine Boulay-Mace', 1, 5),
(903, '0696802341', 'christine.laporte@mail.com', '0437038225', 'Christine Laporte', 5, 5),
(904, '0640868651', 'agnes.boucher@mail.com', '0279173526', 'Agnes Boucher', 5, 2),
(905, '0698921416', 'charlotte.teixeira@mail.com', '0476994148', 'Charlotte Teixeira', 5, 5),
(906, '0676882009', 'elodie.leveque@mail.com', '0283704346', 'Elodie Leveque', 1, 2),
(907, '0646584167', 'olivier.le-gall-de-la-raymond@mail.com', '0348277465', 'Olivier Le Gall de la Raymond', 5, 4),
(908, '0631199820', 'nicolas.millet@mail.com', '0454061645', 'Nicolas Millet', 5, 3),
(909, '0698135515', 'zacharie.leroy@mail.com', '0191203024', 'Zacharie Leroy', 3, 1),
(910, '0636156777', 'william.bailly-de-la-picard@mail.com', '0437493481', 'William Bailly de la Picard', 4, 5),
(911, '0655319960', 'frederic-thibault.marchal@mail.com', '0372742288', 'Frederic-Thibault Marchal', 4, 4),
(912, '0693906835', 'hortense.chevallier-leveque@mail.com', '0179770045', 'Hortense Chevallier-Leveque', 3, 1),
(913, '0646788780', 'richard-alphonse.arnaud@mail.com', '0340314476', 'Richard-Alphonse Arnaud', 1, 4),
(914, '0660841817', 'valentine-adrienne.david@mail.com', '0210694106', 'Valentine-Adrienne David', 1, 2),
(915, '0646912169', 'paul.guillot@mail.com', '0335055355', 'Paul Guillot', 4, 4),
(916, '0646363485', 'edith.le-carre@mail.com', '0337312650', 'Edith Le Carre', 1, 4),
(917, '0638929556', 'frederique.de-boulay@mail.com', '0140945865', 'Frederique de Boulay', 1, 1),
(918, '0664108009', 'capucine.le-laurent@mail.com', '0475602605', 'Capucine Le Laurent', 1, 5),
(919, '0677630533', 'sebastien.de-la-monnier@mail.com', '0391864939', 'Sebastien de la Monnier', 1, 4),
(920, '0654061802', 'odette.dupuy-de-moulin@mail.com', '0217848067', 'Odette Dupuy de Moulin', 5, 2),
(921, '0656819372', 'chantal-arnaude.renaud@mail.com', '0354302320', 'Chantal-Arnaude Renaud', 5, 4),
(922, '0611443015', 'laurent-aime.evrard@mail.com', '0216697007', 'Laurent-Aime Evrard', 5, 2),
(923, '0688183566', 'francoise.thibault-mendes@mail.com', '0261299024', 'Francoise Thibault-Mendes', 4, 2),
(924, '0660300407', 'isaac.weiss@mail.com', '0442605473', 'Isaac Weiss', 5, 3),
(925, '0627973856', 'noemi.bonneau@mail.com', '0494612601', 'Noemi Bonneau', 4, 5),
(926, '0625445594', 'bertrand-patrick.peron@mail.com', '0463559902', 'Bertrand-Patrick Peron', 5, 5),
(927, '0651178322', 'arnaude.de-la-bodin@mail.com', '0361431203', 'Arnaude de la Bodin', 4, 4),
(928, '0697497077', 'roger.munoz-du-garcia@mail.com', '0336319052', 'Roger Munoz du Garcia', 4, 4),
(929, '0651919089', 'danielle.faure@mail.com', '0446055734', 'Danielle Faure', 5, 3),
(930, '0649968709', 'etienne.duval@mail.com', '0432458159', 'Etienne Duval', 5, 5),
(931, '0660171070', 'adelaide.guyot@mail.com', '0394608937', 'Adelaide Guyot', 1, 4),
(932, '0680022266', 'robert.auger-marty@mail.com', '0118861140', 'Robert Auger-Marty', 3, 1),
(933, '0643681800', 'edith.le-petitjean@mail.com', '0150701423', 'Edith Le Petitjean', 1, 1),
(934, '0675230577', 'gabrielle.ruiz@mail.com', '0270012896', 'Gabrielle Ruiz', 5, 2),
(935, '0666405166', 'jerome.devaux@mail.com', '0471257206', 'Jerome Devaux', 4, 5),
(936, '0653305889', 'emmanuelle.gallet-diaz@mail.com', '0146774538', 'Emmanuelle Gallet-Diaz', 2, 1),
(937, '0625969413', 'helene-christine.leroux@mail.com', '0168276861', 'Helene-Christine Leroux', 6, 1),
(938, '0662898176', 'nathalie.robin@mail.com', '0267789380', 'Nathalie Robin', 1, 2),
(939, '0690572717', 'david.pages@mail.com', '0421240356', 'David Pages', 5, 5),
(940, '0683405561', 'auguste.le-vallee@mail.com', '0414715571', 'Auguste Le Vallee', 4, 5),
(941, '0610150018', 'chantal.le-simon@mail.com', '0242527931', 'Chantal Le Simon', 4, 2),
(942, '0662326969', 'nicolas.fleury@mail.com', '0491577908', 'Nicolas Fleury', 1, 5),
(943, '0617415172', 'francois.lefebvre-sanchez@mail.com', '0261695586', 'Francois Lefebvre-Sanchez', 5, 2),
(944, '0695160003', 'ines.gosselin-riviere@mail.com', '0252834873', 'Ines Gosselin-Riviere', 5, 2),
(945, '0628196551', 'gilbert.de-mathieu@mail.com', '0158112633', 'Gilbert de Mathieu', 6, 1),
(946, '0665386229', 'elise.gaillard@mail.com', '0444979705', 'Elise Gaillard', 1, 5),
(947, '0611936002', 'julie.de-la-didier@mail.com', '0144554552', 'Julie de la Didier', 2, 1),
(948, '0615387868', 'alfred.poulain-paul@mail.com', '0388310326', 'Alfred Poulain-Paul', 4, 4),
(949, '0697673278', 'denis.georges-adam@mail.com', '0425339845', 'Denis Georges-Adam', 1, 3),
(950, '0651054880', 'honore.gerard-le-huet@mail.com', '0260259921', 'Honore Gerard Le Huet', 4, 2),
(951, '0697377767', 'gerard.carpentier-lucas@mail.com', '0152587275', 'Gerard Carpentier-Lucas', 1, 1),
(952, '0679795290', 'vincent.pasquier@mail.com', '0457901240', 'Vincent Pasquier', 5, 5),
(953, '0610836629', 'emmanuel.fernandes@mail.com', '0232724276', 'Emmanuel Fernandes', 1, 2),
(954, '0620401297', 'laurence.de-payet@mail.com', '0472012640', 'Laurence de Payet', 4, 5),
(955, '0675582345', 'honore.schmitt@mail.com', '0417369078', 'Honore Schmitt', 4, 5),
(956, '0694949442', 'astrid.bodin@mail.com', '0119012855', 'Astrid Bodin', 1, 1),
(957, '0667249040', 'gabriel.du-vallet@mail.com', '0458099068', 'Gabriel du Vallet', 4, 3),
(958, '0663788200', 'margaret.moreau@mail.com', '0435006793', 'Margaret Moreau', 1, 5),
(959, '0633778208', 'andre.da-costa@mail.com', '0333651297', 'Andre Da Costa', 1, 4),
(960, '0647079077', 'antoinette.mallet@mail.com', '0418266493', 'Antoinette Mallet', 5, 5),
(961, '0638321791', 'maurice.roux@mail.com', '0488581037', 'Maurice Roux', 4, 5),
(962, '0680208437', 'monique.martineau-lenoir@mail.com', '0112592810', 'Monique Martineau-Lenoir', 2, 1),
(963, '0620493644', 'richard-thomas.bourgeois@mail.com', '0488660381', 'Richard-Thomas Bourgeois', 5, 5),
(964, '0684387281', 'josette.charles@mail.com', '0311341626', 'Josette Charles', 4, 4),
(965, '0617102789', 'margaux.normand-alexandre@mail.com', '0371608841', 'Margaux Normand-Alexandre', 1, 4),
(966, '0640145916', 'patricia.baron@mail.com', '0284178972', 'Patricia Baron', 5, 2),
(967, '0612176933', 'olivier.de-sousa@mail.com', '0383672018', 'Olivier De Sousa', 5, 4),
(968, '0613474218', 'jerome-arthur.toussaint@mail.com', '0443254581', 'Jerome-Arthur Toussaint', 1, 5),
(969, '0626246254', 'suzanne.besnard@mail.com', '0235594389', 'Suzanne Besnard', 1, 2),
(970, '0660787707', 'david-auguste.marques@mail.com', '0399118464', 'David-Auguste Marques', 4, 4),
(971, '0691067511', 'marc.guibert-voisin@mail.com', '0369671679', 'Marc Guibert-Voisin', 4, 4),
(972, '0617506096', 'charlotte.de-la-pelletier@mail.com', '0285512436', 'Charlotte de la Pelletier', 1, 2),
(973, '0671212516', 'yves-benjamin.berger@mail.com', '0413874402', 'Yves-Benjamin Berger', 1, 3),
(974, '0669571940', 'gilles.moulin@mail.com', '0195038211', 'Gilles Moulin', 6, 1),
(975, '0692828975', 'theodore.remy@mail.com', '0358824029', 'Theodore Remy', 4, 4),
(976, '0686580269', 'victor.le-martins@mail.com', '0348419918', 'Victor Le Martins', 5, 4),
(977, '0663621927', 'celine.bonnin@mail.com', '0324772024', 'Celine Bonnin', 1, 4),
(978, '0618087824', 'maryse.schmitt@mail.com', '0428724505', 'Maryse Schmitt', 4, 5),
(979, '0616461553', 'valerie.pasquier@mail.com', '0242829650', 'Valerie Pasquier', 5, 2),
(980, '0687588079', 'stephane.ramos@mail.com', '0280369435', 'Stephane Ramos', 1, 2),
(981, '0616044185', 'nath-amelie.mallet@mail.com', '0426173585', 'Nath-Amelie Mallet', 5, 3),
(982, '0617308501', 'marie.olivier@mail.com', '0424397503', 'Marie Olivier', 5, 3),
(983, '0671190659', 'alexandre.delattre@mail.com', '0480056415', 'Alexandre Delattre', 4, 3),
(984, '0648073898', 'francoise.de-besnard@mail.com', '0439359450', 'Francoise de Besnard', 4, 3),
(985, '0662017515', 'valerie-lucie.besson@mail.com', '0461169515', 'Valerie-Lucie Besson', 4, 5),
(986, '0633098791', 'frederic.roche@mail.com', '0414588547', 'Frederic Roche', 5, 5),
(987, '0628535259', 'alix.clement@mail.com', '0473405167', 'Alix Clement', 4, 5),
(988, '0663183686', 'aimee.ferrand@mail.com', '0327108916', 'Aimee Ferrand', 1, 4),
(989, '0690064165', 'laure-michelle.guillaume@mail.com', '0422265642', 'Laure-Michelle Guillaume', 5, 5),
(990, '0647340782', 'jacques.chretien@mail.com', '0416288719', 'Jacques Chretien', 5, 5),
(991, '0643581546', 'leon.chartier@mail.com', '0170961478', 'Leon Chartier', 6, 1),
(992, '0610726959', 'therese.bouvier@mail.com', '0186476906', 'Therese Bouvier', 6, 1),
(993, '0668676348', 'michel.colin@mail.com', '0455052324', 'Michel Colin', 4, 5),
(994, '0686136105', 'etienne.dupre@mail.com', '0195470513', 'Etienne Dupre', 1, 1),
(995, '0648133177', 'anais.coulon@mail.com', '0125385943', 'Anais Coulon', 3, 1),
(996, '0622771279', 'aurore.brunel@mail.com', '0456020063', 'Aurore Brunel', 1, 5),
(997, '0614644899', 'arnaude.gilbert-gonzalez@mail.com', '0282719776', 'Arnaude Gilbert-Gonzalez', 4, 2),
(998, '0647370195', 'georges.blondel@mail.com', '0322245497', 'Georges Blondel', 4, 4),
(999, '0629382325', 'arnaude.lopes-le-pinto@mail.com', '0455530232', 'Arnaude Lopes Le Pinto', 4, 5),
(1000, '0656723994', 'jacqueline.de-foucher@mail.com', '0250535838', 'Jacqueline de Foucher', 4, 2);

-- --------------------------------------------------------

--
-- Structure de la table `site`
--

DROP TABLE IF EXISTS `site`;
CREATE TABLE IF NOT EXISTS `site` (
  `id` bigint NOT NULL AUTO_INCREMENT,
  `city` varchar(255) DEFAULT NULL,
  PRIMARY KEY (`id`)
) ENGINE=InnoDB AUTO_INCREMENT=17 DEFAULT CHARSET=utf8mb4 COLLATE=utf8mb4_0900_ai_ci;

--
-- Déchargement des données de la table `site`
--

INSERT INTO `site` (`id`, `city`) VALUES
(1, 'Paris'),
(2, 'Nantes'),
(3, 'Toulouse'),
(4, 'Lille'),
(5, 'Nice');

--
-- Contraintes pour les tables déchargées
--

--
-- Contraintes pour la table `employee`
--
ALTER TABLE `employee`
  ADD CONSTRAINT `FKbejtwvg9bxus2mffsm3swj3u9` FOREIGN KEY (`department_id`) REFERENCES `department` (`id`),
  ADD CONSTRAINT `FKofmdiligf6j2t4osxwpbjgcgp` FOREIGN KEY (`site_id`) REFERENCES `site` (`id`);
COMMIT;

/*!40101 SET CHARACTER_SET_CLIENT=@OLD_CHARACTER_SET_CLIENT */;
/*!40101 SET CHARACTER_SET_RESULTS=@OLD_CHARACTER_SET_RESULTS */;
/*!40101 SET COLLATION_CONNECTION=@OLD_COLLATION_CONNECTION */;
